klc_index,kanji,heisig,english
2,一,one,one 
3,二,two,two 
4,三,three,three 
6,四,four,four 
7,五,five,five 
8,六,six,six 
9,七,seven,seven 
10,八,eight,eight 
11,九,nine,nine 
5,十,ten,ten 
19,口,mouth,mouth 
1,日,day,"day, sun, Japan "
23,月,month,"month, moon "
20,田,rice field,"rice field, rice paddy "
21,目,eye,"eye, class, look, insight, experience, care, favor "
254,古,old,old 
24,明,bright,"bright, light "
301,品,goods,"goods, refinement, dignity, article, counter for meal courses "
143,早,early,"early, fast "
604,世,generation,"generation, world, society, public "
81,自,oneself,oneself 
76,白,white,white 
16,百,hundred,hundred 
35,中,in,"in, inside, middle, mean, center "
17,千,thousand,thousand 
580,専,specialty,"specialty, exclusive, mainly, solely "
41,上,above,"above, up "
40,下,below,"below, down, descend, give, low, inferior "
145,朝,morning,"morning, dynasty, regime, epoch, period, (North) Korea "
317,員,employee,"employee, member, number, the one in charge "
83,見,see,"see, hopes, chances, idea, opinion, look at, visible "
136,元,beginning,"beginning, former time, origin "
829,負,defeat,"defeat, negative, -, minus, bear, owe, assume a responsibility "
18,万,ten thousand,ten thousand 
169,的,bull's eye,"bull's eye, mark, target, object, adjective ending "
839,直,straightaway,"straightaway, honesty, frankness, fix, repair "
837,具,tool,"tool, utensil, means, possess, ingredients, counter for armor, suits, sets of furniture "
838,真,TRUE,"true, reality, Buddhist sect "
108,工,craft,"craft, construction "
401,左,left,left 
402,右,right,right 
400,有,possess,"possess, have, exist, happen, occur, approx "
86,切,cut,"cut, cutoff, be sharp "
625,則,rule,"rule, follow, based on, model after "
90,別,separate,"separate, branch off, diverge, fork, another, extra, specially "
437,丁,street,"street, ward, town, counter for guns, tools, leaves or cakes of something, even number, 4th calendar sign "
439,町,village,"village, town, block, street "
814,可,can,"can, passable, mustn't, should not, do not "
94,子,child,"child, sign of the rat, 11PM-1AM, first sign of Chinese zodiac "
93,女,woman,"woman, female "
95,好,fond,"fond, pleasing, like something "
104,母,mama,"mama, mother "
1193,兄,elder brother,"elder brother, big brother "
34,小,little,"little, small "
677,少,few,"few, little "
33,大,large,"large, big "
267,多,many,"many, frequent, much "
265,夕,evening,evening 
266,外,outside,outside 
269,名,name,"name, noted, distinguished, reputation "
403,石,stone,stone 
295,器,utensil,"utensil, vessel, receptacle, implement, instrument, ability, container, tool, set "
22,川,stream,"stream, river "
27,水,water,water 
208,原,meadow,"meadow, original, primitive, field, plain, prairie, tundra, wilderness "
214,願,petition,"petition, request, vow, wish, hope "
209,源,source,"source, origin "
54,活,lively,"lively, resuscitation, being helped, living "
1289,消,extinguish,"extinguish, blow out, turn off, neutralize, cancel "
1201,況,but of course,"condition, situation "
1183,泊,overnight,"overnight, put up at, ride at anchor, 3-day stay "
30,土,soil,"soil, earth, ground, Turkey "
382,寺,Buddhist temple,Buddhist temple 
383,時,time,"time, hour "
394,均,level,"level, average "
26,火,fire,fire 
349,点,spot,"spot, point, mark, speck, decimal point "
492,魚,fish,fish 
535,黒,black,black 
538,量,quantity,"quantity, measure, weight, amount, consider, estimate, surmise "
182,同,same,"same, agree, equal "
183,向,yonder,"yonder, facing, beyond, confront, defy, tend toward, approach "
98,字,character,"character, letter, word, section of village "
633,完,perfect,"perfect, completion, end "
96,安,relax,"relax, cheap, low, quiet, rested, contented, peaceful "
28,木,tree,"tree, wood "
240,林,grove,"grove, forest "
241,森,forest,"forest, woods "
651,村,town,"town, village "
682,相,inter-,"inter-, mutual, together, each other, minister of state, councillor, aspect, phase, physiognomy "
31,本,book,"book, present, main, true, real, counter for long things "
97,案,plan,"plan, suggestion, draft, ponder, fear, proposition, idea, expectation, bill, worry "
271,未,not yet,"un-, not yet, hitherto, still, even now, sign of the ram, 1-3PM, eighth sign of Chinese zodiac "
272,末,extremity,"end, close, tip, powder, posterity "
273,味,flavor,"flavor, taste "
1206,妹,younger sister,younger sister 
567,株,stocks,"stocks, stump, shares, stock, counter for small plants "
404,若,young,"young, if, perhaps, possibly, low number, immature "
1827,兆,portent,"portent, 10**12, trillion, sign, omen, symptoms "
616,状,status quo,"status quo, conditions, circumstances, form, appearance "
760,然,sort of thing,"sort of thing, so, if so, in that case, well "
116,牛,cow,cow 
385,特,special,special 
698,告,revelation,"revelation, tell, inform, announce "
134,先,before,"before, ahead, previous, future, precedence "
612,界,world,world 
603,茶,tea,tea 
227,合,fit,"fit, suit, join, 0.1 "
706,現,present,"present, existing, actual "
78,全,whole,"whole, entire, all, complete, fulfill "
532,理,logic,"logic, arrangement, reason, justice, truth "
365,主,lord,"lord, chief, master, main thing, principal "
368,注,pour,"pour, irrigate, shed (tears), flow into, concentrate on, notes, comment, annotate "
29,金,gold,gold 
158,道,road-way,"road-way, street, district, journey, course, moral, teachings "
699,造,create,"create, make, structure, physique "
125,車,car,car 
582,連,take along,"take along, lead, join, connect, party, gang, clique "
113,前,in front,"in front, before "
786,各,each,"each, every, either "
789,格,status,"status, rank, capacity, character, case (law, grammar) "
787,客,guest,"guest, visitor, customer, client "
1929,額,forehead,"forehead, tablet, plaque, framed picture, sum, amount, volume "
363,夏,summer,summer 
584,運,carry,"carry, luck, destiny, fate, lot, transport, progress, advance "
185,高,tall,"tall, high, expensive "
245,京,capital,"capital, 10**16 "
305,週,week,week 
353,売,sell,sell 
99,学,study,"study, learning, science "
325,覚,memorize,"memorize, learn, remember, awake, sober up "
79,書,write,write 
830,敗,failure,"failure, defeat, reversal "
1695,枚,sheet of,"sheet of..., counter for flat thin objects or sheets "
257,故,happenstance,"happenstance, especially, intentionally, reason, cause, circumstances, the late, therefore, consequently "
51,言,say,say 
555,計,plot,"plot, plan, scheme, measure "
53,話,tale,"tale, talk "
222,語,word,"word, speech, language "
355,読,read,read 
306,調,tune,"tune, tone, meter, key (music), writing style, prepare, exorcise, investigate "
1977,談,discuss,"discuss, talk "
109,式,style,"style, ceremony, rite, function, method, system, form, expression "
1028,試,test,"test, try, attempt, experiment, ordeal "
70,成,turn into,"turn into, become, get, grow, elapse, reach "
1148,減,dwindle,"dwindle, decrease, reduce, decline, curtail, get hungry "
42,止,stop,"stop, halt "
679,歩,walk,"walk, counter for steps "
502,企,undertake,"undertake, scheme, design, attempt, plan "
43,正,correct,"correct, justice, righteous, 10**40 "
550,証,evidence,"evidence, proof, certificate "
45,定,determine,"determine, fix, establish, decide "
140,走,run,run 
1681,題,topic,"topic, subject "
857,遠,distant,"distant, far "
710,初,first time,"first time, beginning "
205,市,market,"market, city, town "
1205,姉,elder sister,elder sister 
708,制,system,"system, law, rule "
709,製,made in...,"made in..., manufacture "
224,転,revolve,"revolve, turn around, change "
225,芸,technique,"technique, art, craft, performance, acting, trick, stunt "
154,雨,rain,rain 
360,冬,winter,winter 
270,天,heavens,"heavens, sky, imperial "
67,立,stand up,stand up 
351,商,make a deal,"make a deal, selling, dealing in, merchant "
122,北,north,north 
105,毎,every,every 
106,海,sea,"sea, ocean "
863,複,duplicate,"duplicate, double, compound, multiple "
277,欠,lack,"lack, gap, fail "
827,歌,song,"song, sing "
278,次,next,"next, order, sequence "
1165,資,assets,"assets, resources, capital, funds, data, be conducive to, contribute to "
150,音,sound,"sound, noise "
1593,暗,darkness,"darkness, disappear, shade, informal, grow dark, be blinded "
1089,識,discriminating,"discriminating, know, write "
233,亡,deceased,"deceased, the late, dying, perish "
173,方,direction,"direction, person, alternative "
1198,脱,undress,"undress, removing, escape from, get rid of, be left out, take off "
1197,説,rumor,"rumor, opinion, theory "
1223,増,increase,"increase, add, augment, gain, promote "
32,東,east,east 
2041,歳,year-end,"year-end, age, occasion, opportunity "
844,県,prefecture,prefecture 
187,地,ground,"ground, earth "
425,風,wind,"wind, air, style, manner "
427,記,scribe,"scribe, account, narrative "
155,電,electricity,electricity 
219,家,house,"house, home "
445,場,location,"location, place "
491,洋,ocean,"ocean, western style "
1475,達,accomplished,"accomplished, reach, arrive, attain "
937,差,distinction,"distinction, difference, variation, discrepancy, margin, balance "
938,着,don,"don, arrive, wear, counter for suits of clothing "
379,雑,miscellaneous,miscellaneous 
714,準,semi-,"semi-, correspond to, proportionate to, conform, imitate "
1133,確,assurance,"assurance, firm, tight, hard, solid, confirm, clear, evident "
115,午,noon,"noon, sign of the horse, 11AM-1PM, seventh sign of Chinese zodiac "
420,習,learn,learn 
25,曜,weekday,weekday 
75,国,country,country 
1725,因,cause,"cause, factor, be associated with, depend on, be limited to "
856,園,park,"park, garden, yard, farm "
50,回,-times,"-times, round, game, revolve, counter for occurrences "
347,店,store,"store, shop "
56,心,heart,"heart, mind, spirit "
1062,忘,forget,forget 
1096,認,acknowledge,"acknowledge, witness, discern, recognize, appreciate, believe "
370,誌,document,"document, records "
142,思,think,think 
850,応,apply,"apply, answer, yes, OK, reply, accept "
151,意,idea,"idea, mind, heart, taste, thought, desire, care, liking "
1556,息,breath,"breath, respiration, son, interest (on money) "
1063,忙,busy,"busy, occupied, restless "
1912,慣,accustomed,"accustomed, get used to, become experienced "
620,憶,recollection,"recollection, think, remember "
549,必,invariably,"invariably, certain, inevitable "
46,手,hand,hand 
926,義,righteousness,"righteousness, justice, morality, honor, loyalty, meaning "
927,議,deliberation,"deliberation, consultation, debate, consideration "
1025,打,strike,"strike, hit, knock, pound, dozen "
932,指,finger,"finger, point to, indicate, put into, play (chess), measure (ruler) "
384,持,hold,"hold, have "
1679,提,propose,"propose, take along, carry in hand "
1394,担,shouldering,"shouldering, carry, raise, bear "
847,接,touch,"touch, contact, adjoin, piece together "
724,研,polish,"polish, study of, sharpen "
474,械,contraption,"contraption, fetter, machine, instrument "
723,型,mould,"mould, type, model "
652,才,genius,"genius, years old, cubic shaku "
654,材,lumber,"lumber, log, timber, wood, talent "
407,存,suppose,"suppose, be aware of, believe, feel "
406,在,exist,"exist, outskirts, suburbs, located in "
889,更,grow late,"grow late, night watch, sit up late, of course "
399,友,friend,friend 
517,投,throw,"throw, discard, abandon, launch into, join, invest in, hurl, give up, sell at a loss "
520,設,establishment,"establishment, provision, prepare "
373,支,branch,"branch, support, sustain "
966,技,skill,"skill, art, craft, ability, feat, performance, vocation, arts "
1256,軽,lightly,"lightly, trifling, unimportant "
374,反,anti-,anti- 
378,返,return,"return, answer, fade, repay "
925,販,marketing,"marketing, sell, trade "
988,菜,vegetable,"vegetable, side dish, greens "
65,受,accept,"accept, undergo, answer (phone), take, get, catch, receive "
812,払,pay,"pay, clear out, prune, banish, dispose of "
238,広,wide,"wide, broad, spacious "
949,台,pedestal,"pedestal, a stand, counter for machines and vehicles "
956,始,commence,"commence, begin "
558,窓,window,"window, pane "
138,去,gone,"gone, past, quit, leave, elapse, eliminate, divorce "
139,法,method,"method, law, rule, principle, model, system "
226,会,meeting,"meeting, meet, party, association, interview, join "
253,室,room,"room, apartment, chamber, greenhouse, cellar "
489,育,bring up,"bring up, grow up, raise, rear "
38,出,exit,"exit, leave "
37,山,mountain,mountain 
39,入,enter,"enter, insert "
192,込,crowded,"crowded, mixture, in bulk, included, (kokuji) "
88,分,part,"part, minute of time, segment, share, degree, one's lot, duty, understand, know, rate, 1%, chances, shaku/100 "
89,公,public,"public, prince, official, governmental "
1035,欲,longing,"longing, covetousness, greed, passion, desire, craving "
321,常,usual,"usual, ordinary, normal, regular "
1583,残,remainder,"remainder, leftover, balance "
716,死,death,"death, die "
57,耳,ear,ear 
59,取,take,"take, fetch, take up "
196,最,utmost,"utmost, most, extreme "
352,買,buy,buy 
624,規,standard,"standard, measure "
1166,賛,approve,"approve, praise, title or inscription on picture, assist, agree with "
563,失,lose,"lose, error, fault, disadvantage, loss "
564,鉄,iron,iron 
84,力,power,"power, strong, strain, bear up, exert "
92,男,male,male 
1046,功,achievement,"achievement, merits, success, honor, credit "
543,協,co-,"co-, cooperation "
55,行,going,"going, journey "
1607,律,rhythm,"rhythm, law, regulation, gauge, control "
870,徒,junior,"junior, emptiness, vanity, futility, uselessness, ephemeral thing, gang, set, party, people "
386,待,wait,"wait, depend on "
597,彼,he,"he, that, the "
518,役,duty,"duty, war, campaign, drafted labor, office, service, role "
1195,税,tax,"tax, duty "
236,和,harmony,"harmony, Japanese style, peace, soften, Japan "
860,移,shift,"shift, move, change, drift, catch (cold, fire), pass into "
1745,秒,second,second (1/60 minute) 
364,秋,autumn,autumn 
237,私,private,"private, I, me "
412,利,profit,"profit, advantage, benefit "
395,季,seasons,seasons 
234,米,rice,"rice, USA, metre "
309,数,number,"number, strength, fate, law, figures "
310,類,sort,"sort, kind, variety, class, genus "
501,様,Esq.,"Esq., way, manner, situation, polite suffix "
1097,求,request,"request, want, wish for, require, demand "
393,等,etc.,"etc., and so forth, class (first), quality, equal, similar "
980,算,calculate,"calculate, divining, number, abacus, probability "
981,答,solution,"solution, answer "
15,人,person,person 
366,住,dwell,"dwell, reside, live, inhabit "
62,体,body,"body, substance, object, reality, counter for images "
371,仕,attend,"attend, doing, official, serve "
189,他,other,"other, another, the others "
61,休,rest,"rest, day off, retire, sleep "
63,信,faith,"faith, truth, fidelity, trust "
701,依,reliant,"reliant, depend on, consequently, therefore, due to "
262,個,individual,"individual, counter for articles and military units "
842,値,price,"price, cost, value "
622,億,hundred million,"hundred million, 10**8 "
887,使,use,use 
890,便,convenience,convenience 
292,宿,inn,"inn, lodging, relay station, dwell, lodge, be pregnant, home, dwelling "
646,保,protect,"protect, guarantee, keep, preserve, sustain, support "
982,符,token,"token, sign, mark, tally, charm "
1162,賃,fare,"fare, fee, hire, rent, wages, charge "
71,代,substitute,"substitute, change, convert, replace, period, age, generation, charge, rate, fee "
1163,貸,lend,lend 
120,化,change,"change, take the form of, influence, enchant, delude, -ization "
121,花,flower,flower 
815,何,what,what 
817,荷,baggage,"baggage, shoulder-pole load, bear (a burden), shoulder (a gun), load, cargo, freight "
215,内,inside,"inside, within, between, among, house, home "
216,肉,meat,meat 
749,座,sit,"squat, seat, cushion, gathering, sit "
66,以,by means of,"by means of, because, in view of, compared with "
1354,似,similar,"becoming, resemble, counterfeit, imitate, suitable "
1243,営,occupation,"occupation, camp, perform, build, conduct (business) "
117,年,year,year 
467,夜,night,"night, evening "
571,施,alms,"alms, apply bandages, administer first-aid "
570,遊,play,play 
569,旅,trip,"trip, travel "
172,物,thing,"thing, object, matter "
252,屋,roof,"roof, house, shop, dealer, seller "
256,局,bureau,"bureau, board, office, affair, conclusion, court lady, lady-in-waiting, her apartment "
1144,遅,slow,"slow, late, back, later "
466,昼,daytime,"daytime, noon "
311,示,show,"show, indicate, point out, express, display "
314,社,company,"company, firm, office, association, shrine "
312,禁,prohibition,"prohibition, ban, forbid "
637,祭,ritual,"ritual, offer prayers, celebrate, deify, enshrine, worship "
639,察,guess,"guess, presume, surmise, judge, understand "
432,由,wherefore,"wherefore, a reason "
1528,届,deliver,"deliver, reach, arrive, report, notify, forward "
1525,押,push,"push, stop, check, subdue, attach, seize, weight, shove, press, seal, do in spite of "
315,申,speaketh,"have the honor to, sign of the monkey, 3-5PM, ninth sign of Chinese zodiac "
599,果,fruit,"fruit, reward, carry out, achieve, complete, end, finish, succeed "
600,課,chapter,"chapter, lesson, section, department, division, counter for chapters (of a book) "
249,所,place,place 
194,近,near,"near, early, akin, tantamount "
318,質,substance,"substance, quality, matter, temperament "
153,昨,yesterday,"yesterday, previous "
152,作,make,"make, production, prepare, build "
899,雪,snow,snow 
608,録,record,record 
971,急,hurry,"hurry, emergency, sudden, steep "
141,当,hit,"hit, right, appropriate, himself "
80,事,matter,"matter, thing, fact, business, reason, possibly "
179,満,full,"full, enough, pride, satisfy "
176,画,brush stroke,"brush-stroke, picture "
674,歯,tooth,"tooth, cog "
503,曲,bend,"bend, music, melody, composition, pleasure, injustice, fault, curve, crooked, perverse, lean "
758,料,fee,"fee, materials "
759,科,department,"department, course, section "
298,図,map,"map, drawing, plan, unexpected, accidentally "
47,用,utilize,"utilize, business, service, use, employ "
715,備,equip,"equip, provision, preparation "
359,昔,once upon a time,"once upon a time, antiquity, old times "
1220,借,borrow,"borrow, rent "
279,席,seat,"seat, mat, occasion, place "
280,度,degrees,"degrees, occurrence, time, counter for occurrences "
281,渡,transit,"transit, ford, ferry, cross, import, deliver, diameter, migrate "
335,半,half,"half, middle, odd number, semi-, part- "
456,券,ticket,ticket 
460,勝,victory,"victory, win, prevail, excel "
49,不,negative,"negative, non-, bad, ugly, clumsy "
1696,杯,cupfuls,"counter for cupfuls, wine glass, glass, toast "
568,族,tribe,"tribe, family "
560,知,know,"know, wisdom "
1018,帰,homecoming,"homecoming, arrive at, lead to, result in "
422,引,pull,"pull, tug, jerk, admit, install, quote, refer to "
423,強,strong,strong 
424,弱,weak,"weak, frail "
1189,費,expense,"expense, cost, spend, consume, waste "
1191,第,No.,"No., residence "
1190,弟,younger brother,"younger brother, faithful service to elders "
300,号,nickname,"nickname, number, item, title, pseudonym, name, call "
859,写,copy,"copy, be photographed, describe "
628,考,consider,"consider, think over "
632,教,teach,"teach, faith, doctrine "
107,者,someone,"someone, person "
1444,暑,sultry,"sultry, hot, summer heat "
100,父,father,father 
102,交,mingle,"mingle, mixing, association, coming & going "
1413,効,merit,"merit, efficacy, efficiency, benefit "
103,校,exam,"exam, school, printing, proof, correction "
44,足,leg,"leg, foot, be sufficient, counter for pairs of footwear "
788,路,path,"path, route, road, distance "
464,過,overdo,"overdo, exceed, go beyond, error "
638,際,occasion,"occasion, side, edge, verge, dangerous, adventurous, indecent, time, when "
634,院,Inst.,"Inst., institution, temple, mansion, school "
1377,降,descend,"descend, precipitate, fall, surrender "
1430,階,story,"storey, stair, counter for storeys of a building "
398,空,empty,"empty, sky, void, vacant, vacuum "
1710,究,research,"research, study "
210,線,line,"line, track "
2062,練,practice,"practice, gloss, train, drill, polish, refine "
354,続,continue,"continue, series, sequel "
525,絵,picture,"picture, drawing, painting, sketch "
790,絡,entwine,"entwine, coil around, get caught in "
516,結,tie,"tie, bind, contract, join, organize, do up hair, fasten "
957,終,end,"end, finish "
1257,経,sutra,"sutra, longitude, pass thru, expire, warp "
170,約,promise,"promise, approximately, shrink "
114,後,behind,"behind, back, later "
473,機,mechanism,"mechanism, opportunity, occasion, machine, airplane "
1078,係,person in charge,"person in charge, connection, duty, concern oneself "
862,御,honorable,"honorable, manipulate, govern "
1471,服,clothing,"clothing, admit, obey, discharge "
159,通,traffic,"traffic, pass through, avenue, commute, counter for letters "
726,危,dangerous,"dangerous, fear, uneasy "
797,酒,sake,"sake, alcohol "
1625,酔,drunk,"drunk, feel sick, poisoned, elated, spellbound "
799,配,distribute,"distribute, spouse, exile, rationing "
562,短,short,"short, brevity, fault, defect, weak point "
199,温,warm,warm 
283,銀,silver,silver 
391,節,node,"node, season, period, occasion, verse, clause, stanza, honor, joint, knuckle, knob, knot, tune, melody "
282,限,limit,"limit, restrict, to best of ability "
285,良,good,"good, pleasing, skilled "
2200,娘,daughter,"daughter, girl "
288,食,eat,"eat, food "
377,飯,meal,"meal, boiled rice "
289,飲,drink,"drink, smoke, take "
291,館,Bldg.,"building, mansion, large building, palace "
334,平,even,"even, flat, peace "
275,新,new,new 
276,親,parent,"parent, intimacy, relative, familiarity, dealer (cards) "
1472,報,report,"report, news, reward, retribution "
1155,収,income,"income, obtain, reap, pay, supply, store "
1435,熱,heat,"heat, temperature, fever, mania, passion "
993,術,art,"art, technique, skill, means, trick, resources, magic "
361,寒,cold,cold 
130,青,blue,"blue, green "
977,請,solicit,"solicit, invite, ask "
973,情,feelings,"feelings, emotion, passion, sympathy, circumstances, facts "
975,晴,clear up,clear up 
705,表,surface,"surface, table, chart, diagram "
416,割,proportion,"proportion, comparatively, divide, cut, separate, split "
36,生,life,"life, genuine, birth "
128,性,sex,"sex, gender, nature "
181,産,products,"products, bear, give birth, yield, childbirth, native, property "
362,春,springtime,"springtime, spring (season) "
499,実,reality,"reality, truth "
1730,漢,Sino-,"Sino-, China "
712,難,difficult,"difficult, impossible, trouble, accident, defect "
1005,乗,ride,"ride, power, multiplication, record, counter for vehicles, board, mount, join "
228,今,now,now 
163,予,beforehand,"beforehand, previous, myself, I "
534,野,plains,"plains, field, rustic, civilian life "
795,西,west,"west, Spain "
548,価,value,"value, price "
547,要,need,"need, main point, essence, pivot, key to "
782,票,ballot,"ballot, label, ticket, sign "
783,標,signpost,"signpost, seal, mark, stamp, imprint, symbol, emblem, trademark, evidence, souvenir, target "
768,煙,smoke,smoke 
794,南,south,south 
447,門,gates,gates 
452,問,question,"question, ask, problem "
448,間,interval,"interval, space "
463,簡,simplicity,"simplicity, brevity "
450,開,open,"open, unfold, unseal "
449,閉,closed,"closed, shut "
453,聞,hear,"hear, ask, listen "
738,非,un-,"un-, mistake, negative, injustice, non- "
330,決,decide,"decide, fix, agree upon, appoint "
663,違,difference,"difference, differ "
307,束,bundle,"bundle, sheaf, ream, tie in bundles, govern, manage, control "
1930,頼,trust,"trust, request "
1143,速,quick,"quick, fast "
308,整,organize,"organize, arranging, tune, tone, meter, key (music) "
1031,険,precipitous,"precipitous, inaccessible place, impregnable position, steep place, sharp eyes "
1029,検,examination,"examination, investigate "
539,重,heavy,"heavy, heap up, pile up, nest of boxes, -fold "
540,動,move,"move, motion, change, confusion, shift, shake "
541,働,work,"work, (kokuji) "
544,種,species,"species, kind, class, variety, seed "
617,病,ill,"ill, sick "
1948,疲,tired,"exhausted, tire, weary "
619,痛,pain,"pain, hurt, damage, bruise "
561,医,doctor,"doctor, medicine "
297,区,ward,"ward, district "
1054,登,ascend,"ascend, climb up "
148,発,discharge,"discharge, departure, publish, emit, start from, disclose "
147,形,shape,"shape, form, style "
101,文,sentence,"sentence, literature, style, art, decoration, figures, plan "
650,対,vis-a-vis,"vis-a-vis, opposite, even, equal, versus, anti-, compare "
1260,済,finish,"finish, come to an end, excusable, need not "
302,楽,music,"music, comfort, ease "
303,薬,medicine,"medicine, chemical, enamel, gunpowder, benefit "
752,率,ratio,"ratio, rate, proportion, %, coefficient, factor "
332,英,England,"England, English "
329,映,reflect,"reflect, reflection, projection "
774,赤,red,red 
775,変,unusual,"unusual, change, strange "
528,色,color,color 
486,期,period,"period, time, date, term "
485,基,fundamentals,"fundamentals, radical (chem), counter for machines, foundation "
48,無,nothingness,"nothingness, none, ain't, nothing, nil, not "
1514,査,investigate,investigate 
333,並,row,"row, and, besides, as well as, line up, rank with, rival, equal "
1085,普,universal,"universal, wide(ly), generally, Prussia "
498,業,profession,"business, vocation, arts, performance "
356,共,together,"together, both, neither, all, and, alike, with "
357,供,submit,"submit, offer, present, serve (meal), accompany "
882,異,uncommon,"uncommon, queerness, strangeness, wonderful, curious, unusual "
1501,港,harbor,harbor 
546,悪,bad,"bad, vice, rascal, false, evil, wrong "
13,円,circle,"circle, yen, round "
342,角,angle,"angle, corner, square, horn, antlers "
345,解,unravel,"unravel, notes, key, explanation, understanding, untie, undo, solve, answer, cancel, absolve, explain, minute "
942,論,argument,"argument, discourse "
476,氏,family name,"family name, surname, clan "
478,紙,paper,paper 
1721,婚,marriage,marriage 
479,低,lower,"lower, short, humble "
477,民,people,"people, nation, subjects "
68,部,section,"section, bureau, dept, class, copy, part, portion, counter for copies of a newspaper or magazine "
244,都,metropolis,"metropolis, capital "
1010,郵,mail,"mail, stagecoach stop "
521,段,grade,"grade, steps, stairs "
1640,航,navigate,"navigate, sail, cruise, fly "
671,般,carrier,"carrier, carry, all "
669,船,ship,"ship, boat "
414,益,benefit,"benefit, gain, profit, advantage "
274,来,come,"come, due, next, cause, become "
126,気,spirit,"spirit, mind "
475,飛,fly,"fly, skip (pages), scatter "
175,面,mask,"mask, face, features, surface "
299,番,turn,"turn, number in a series "
91,長,long,"long, leader "
462,単,simple,"simple, one, single, merely "
341,島,island,island 
1127,暖,warmth,warmth 
1275,晩,nightfall,"nightfall, night "
1274,勉,exertion,exertion 
1030,験,verification,"verification, effect, testing "
339,駅,station,station 
892,能,ability,"ability, talent, skill, capacity "
893,態,attitude,"attitude, condition, figure, appearance, voice (of verbs) "
455,送,send off,"escort, send "
451,関,connection,"connection, barrier, gateway, involve, concerning "
1975,胃,stomach,"stomach, paunch, crop, craw "
1053,昇,rise up,rise up 
12,丸,round,"round, full, month, perfection, -ship, pills, make round, roll up, curl up, seduce, explain away "
983,博,Dr.,"Dr., command, esteem, win acclaim, Ph.D., exposition, fair "
348,占,fortune-telling,"fortune-telling, divining, forecasting, occupy, hold, have, get, take "
157,首,neck,neck 
380,乱,riot,"riot, war, disorder, disturb "
1915,項,paragraph,"paragraph, nape of neck, clause, item, term (expression) "
1482,副,vice-,"vice-, duplicate, copy "
958,了,complete,"complete, finish "
678,砂,sand,sand 
1292,削,plane,"plane, sharpen, whittle, pare "
137,光,ray,"ray, light "
294,太,plump,"plump, thick, big around "
1746,妙,exquisite,"exquisite, strange, queer, mystery, miracle, excellent, delicate, charming "
681,省,focus,"focus, government ministry, conserve "
631,厚,thick,"thick, heavy, rich, kind, cordial, brazen, shameless "
1329,奇,strange,"strange, strangeness, curiousity "
845,州,state,"state, province "
1925,順,obey,"obey, order, turn, right, docility, occasion "
1690,氷,icicle,"icicle, ice, hail, freeze, congeal "
1691,永,eternity,"eternity, long, lengthy "
1692,泳,swim,swim 
818,河,river,river 
259,湖,lake,lake 
627,測,fathom,"fathom, plan, scheme, measure "
186,圧,pressure,"pressure, push, overwhelm, oppress, dominate "
1979,災,disaster,"disaster, calamity, woe, curse, evil "
1110,照,illuminate,"illuminate, shine, compare, bashful "
765,漁,fishing,"fishing, fishery "
648,守,guard,"guard, protect, defend, obey "
1330,寄,draw near,"draw near, stop in, bring near, gather, collect, send, forward "
1481,富,wealth,"wealth, enrich, abundant "
442,貯,savings,"savings, store, lay in, keep, wear mustache "
840,植,plant,plant 
1694,札,tag,"tag, paper money, counter for bonds, placard, bid "
1810,燥,parch,"parch, dry up "
144,草,grass,"grass, weeds, herbs, pasture, write, draft "
405,苦,suffering,"suffering, trial, worry, hardship, feel bitter, scowl "
986,薄,dilute,"dilute, thin, weak (tea) "
605,葉,leaf,"leaf, plane, lobe, needle, blade, spear, counter for flat things, fragment, piece "
1336,模,imitation,"imitation, copy, mock "
1338,漠,vague,"vague, obscure, desert, wide "
293,犬,dog,dog 
135,洗,wash,"wash, inquire into, probe "
611,介,jammed in,"jammed in, shellfish, mediate, concern oneself with "
72,王,king,"king, rule, magnate "
74,宝,treasure,"treasure, wealth, valuables "
867,柱,pillar,"pillar, post, cylinder, support "
2066,銅,copper,copper 
804,導,guidance,"guidance, leading, conduct, usher "
1182,迫,urge,"urge, force, imminent, spur on "
1829,逃,escape,"escape, flee, shirk, evade, set free "
195,辺,environs,"environs, boundary, border, vicinity "
945,輸,transport,"transport, send, be inferior "
791,略,abbreviation,"abbreviation, omission, outline, shorten, capture, plunder "
553,処,dispose,"dispose, manage, deal with, sentence, condemn, act, behave, place "
119,条,twig,"article, clause, item, stripe, streak "
793,落,fall,"fall, drop, come down "
583,軍,army,"army, force, troops, war, battle "
964,夢,dream,"dream, vision, illusion "
1284,涼,refreshing,"refreshing, nice and cool "
1280,景,scenery,"scenery, view "
304,周,circumference,"circumference, circuit, lap "
350,士,gentleman,"gentleman, samurai "
1245,栄,flourish,"flourish, prosperity, honor, glory, splendor "
1045,攻,aggression,"aggression, attack "
806,警,admonish,"admonish, commandment "
1024,訂,revise,"revise, correct, decide "
1023,討,chastise,"chastise, attack, defeat, destroy, conquer "
1927,訓,instruction,"instruction, Japanese character reading, explanation, read "
1154,域,range,"range, region, limits, stage, level "
1318,載,load,"ride, board, get on, place, spread, 10**44 "
1150,威,intimidate,"intimidate, dignity, majesty, menace, threaten "
1149,滅,destroy,"destroy, ruin, overthrow, perish "
1587,浅,shallow,"shallow, superficial, frivolous, wretched, shameful "
680,渉,ford,"ford, ferry, port "
1497,肯,agreement,"agreement, consent, comply with "
853,歴,curriculum,"curriculum, continuation, passage of time "
111,武,warrior,"warrior, military, chivalry, arms "
246,政,politics,"politics, government "
1111,超,transcend,"transcend, super-, ultra- "
1112,越,surpass,"surpass, cross over, move to, exceed, Vietnam "
1609,建,build,build 
872,延,prolong,"prolong, stretching "
876,誕,nativity,"nativity, be born, declension, lie, be arbitrary "
700,衣,garment,"garment, clothes, dressing "
1317,裁,tailor,"tailor, judge, decision, cut out (pattern) "
1591,装,attire,"attire, dress, pretend, disguise, profess "
704,裏,back,"back, amidst, in, reverse, inside, palm, sole, rear, lining, wrong side "
1666,壊,demolition,"demolition, break, destroy "
1483,幅,hanging scroll,"hanging scroll, width "
1981,肺,lungs,lungs 
1232,帯,sash,"sash, belt, obi, zone, region "
1233,滞,stagnate,"stagnate, be delayed, overdue, arrears "
935,刺,thorn,"thorn, pierce, stab, prick, sting, calling card "
897,雲,cloud,cloud 
898,曇,cloudy weather,"cloudy weather, cloud up "
1578,橋,bridge,bridge 
578,泣,cry,"cry, weep, moan "
1204,競,vie,"emulate, compete with, bid, sell at auction, bout, contest, race "
1121,適,suitable,"suitable, occasional, rare, qualified, capable "
1122,敵,enemy,"enemy, foe, opponent "
124,背,stature,"stature, height, back, behind, disobey, defy, go back on, rebel "
123,比,compare,"compare, race, ratio, Philipines "
1427,皆,all,"all, everything "
1426,混,mix,"mix, blend, confuse "
1807,乾,drought,"drought, dry, dessicate, drink up, heaven, emperor "
864,腹,abdomen,"abdomen, belly, stomach "
1764,吹,blow,"blow, breathe, puff, emit, smoke "
689,軟,soft,soft 
1453,姿,figure,"figure, form, shape "
1265,賠,compensation,"compensation, indemnify "
1547,鏡,mirror,"mirror, speculum, barrel-head, round rice-cake offering "
1548,境,boundary,"boundary, border, region "
1066,望,ambition,"ambition, full moon, hope, desire, aspire to, expect "
1882,妨,disturb,"disturb, prevent, hamper, obstruct "
454,訪,call on,"call on, visit, look up, offer sympathy "
574,放,set free,"set free, release, fire, shoot, emit, banish, liberate "
575,激,violent,"violent, get excited, enraged, chafe, incite "
1227,贈,presents,"presents, send, give to, award to, confer on, presenting something "
1689,凍,frozen,"frozen, congeal, refrigerate "
1174,染,dye,"dye, color, paint, stain, print "
761,燃,burn,"burn, blaze, glow "
188,池,pond,"pond, cistern, pool, reservoir "
346,独,single,"single, alone, spontaneously, Germany "
430,起,rouse,"rouse, wake up, get up "
429,改,reformation,"reformation, change, modify, mend, renew, examine, inspect, search "
507,竜,dragon,"dragon, imperial "
497,美,beauty,"beauty, beautiful "
495,詳,detailed,"detailed, full, minute, accurate, well-informed "
190,集,gather,"gather, meet, congregate, swarm, flock "
191,進,advance,"advance, proceed, progress, promote "
1656,奮,stirred up,"stirred up, be invigorated, flourish "
1657,奪,rob,"rob, take by force, snatch away, dispossess, plunder, usurp "
1276,許,permit,"permit, approve "
1130,権,authority,"authority, power, rights "
1128,観,outlook,"outlook, look, appearance, condition, view "
1723,困,quandary,"quandary, become distressed, annoyed "
260,固,harden,"harden, set, clot, curdle "
649,団,group,"group, association "
694,庫,warehouse,"warehouse, storehouse "
878,庭,courtyard,"courtyard, garden, yard "
369,志,intention,"intention, plan, resolve, aspire, motive, hopes, shilling "
1939,患,afflicted,"afflicted, disease, suffer from, be ill "
683,想,concept,"concept, think, idea, thought "
1633,恐,fear,"fear, dread, awe "
1153,惑,beguile,"beguile, delusion, perplexity "
327,感,emotion,"emotion, feeling, sensation "
1634,怖,dreadful,"dreadful, be frightened, fearful "
1718,慎,humility,"humility, be careful, discrete, prudent "
1344,添,annexed,"annexed, accompany, marry, suit, meet, satisfy, attach, append, garnish, imitate "
939,看,watch over,"watch over, see "
221,我,ego,"ego, I, selfish, our, oneself "
1639,抗,confront,"confront, resist, defy, oppose "
746,批,criticism,"criticism, strike "
1104,招,beckon,"beckon, invite, summon, engage "
1072,捨,discard,"discard, throw away, abandon, resign, reject, sacrifice "
1118,摘,pinch,"pinch, pick, pluck, trim, clip, summarize "
1832,挑,challenge,"challenge, contend for, make love to "
2150,推,conjecture,"conjecture, infer, guess, suppose, support "
1595,損,damage,"damage, loss, disadvantage, hurt, injure "
1071,拾,pick up,"pick up, gather, find, go on foot, ten "
554,拠,foothold,"foothold, based on, follow, therefore "
1824,描,sketch,"sketch, compose, write, draw, paint "
1809,操,maneuver,"maneuver, manipulate, operate, steer, chastity, virginity, fidelity "
2272,掲,put up a notice,"put up (a notice), put up, hoist, display, hang out, publish, describe "
653,財,property,"property, money, wealth, assets "
1786,携,portable,"portable, carry (in hand), armed with, bring along "
1760,及,reach out,"reach out, exert, exercise, cause "
1763,吸,suck,"suck, imbibe, inhale, sip "
1761,扱,handle,"handle, entertain, thresh, strip "
888,史,history,"history, chronicle "
891,硬,stiff,"stiff, hard "
1661,護,safeguard,"safeguard, protect "
2049,怒,angry,"angry, be offended "
1951,抜,slip out,"slip out, extract, pull out, pilfer, quote, remove, omit "
519,没,drown,"drown, sink, hide, fall into, disappear, die "
1026,撃,beat,"beat, attack, defeat, conquer "
2046,督,coach,"coach, command, urge, lead, supervise "
375,坂,slope,"slope, incline, hill "
924,板,plank,"plank, board, plate, stage "
1250,妥,gentle,"gentle, peace, depravity "
613,浮,floating,"floating, float, rise to surface "
614,将,leader,"leader, commander, general, admiral, or, and again, soon, from now on, just about "
989,採,pick,"pick, take, fetch, take up "
1123,授,impart,"impart, instruct, grant, confer "
778,愛,love,"love, affection, favourite "
813,拡,broaden,"broaden, extend, expand, enlarge "
1052,弁,valve,"valve, petal, braid, speech, dialect, discrimination, dispose of, distinguish "
950,治,reign,"reign, be at peace, calm down, subdue, quell, govt, cure, heal, rule, conserve "
250,至,climax,"climax, arrive, proceed, reach, attain, result in "
940,到,arrival,"arrival, proceed, reach, attain, result in "
251,致,doth,"doth, do, send, forward, cause, exert, incur, engage "
686,互,mutually,"mutually, reciprocally, together "
606,棄,abandon,"abandon, throw away, discard, resign, reject, sacrifice "
2187,撤,remove,"remove, withdraw, disarm, dismantle, reject, exclude "
1056,充,allot,"allot, fill "
1057,銃,gun,"gun, arms "
1059,流,current,"current, a sink, flow, forfeit "
1649,岩,boulder,"boulder, rock, cliff "
1647,炭,charcoal,"charcoal, coal "
1650,崩,crumble,"crumble, die, demolish, level "
1383,密,secrecy,"secrecy, density (pop), minuteness, carefulness "
1161,貧,poverty,"poverty, poor "
1037,容,contain,"contain, form, looks "
1038,溶,melt,"melt, dissolve, thaw "
322,賞,prize,"prize, reward, praise "
319,党,party,"party, faction, clique "
598,波,waves,"waves, billows, Poland "
596,破,rend,"rend, rip, tear, break, destroy, defeat, frustrate "
1949,被,incur,"incur, cover, veil, brood over, shelter, wear, put on, be exposed (film), receiving "
1208,殊,particularly,"particularly, especially, exceptionally "
718,列,file,"file, row, rank, tier, column "
1113,趣,gist,"gist, proceed to, tend, become "
1282,撮,snapshot,"snapshot, take pictures "
1670,恥,shame,"shame, dishonor "
1087,職,post,"post, employment, work "
1669,聴,listen,"listen, headstrong, naughty, careful inquiry "
843,置,placement,"placement, put, set, deposit, leave behind, keep, employ, pawn "
1549,環,ring,"ring, circle, link, wheel "
565,夫,husband,"husband, man "
1167,替,exchange,"exchange, spare, substitute, per- "
695,蔵,storehouse,"storehouse, hide, own, have, possess "
1974,臓,entrails,"entrails, viscera, bowels "
483,巨,gigantic,"gigantic, big, large, great "
2014,拒,repel,"repel, refuse, reject, decline "
542,労,labor,"labor, thank for, reward for, toil, trouble "
1341,募,recruit,"recruit, campaign, gather (contributions), enlist, grow violent "
2048,努,toil,"toil, diligent, as much as possible "
1147,加,add,"add, addition, increase, join, include, Canada "
1496,脅,threaten,"threaten, coerce "
865,復,restore,"restore, return to, revert, resume "
387,得,gain,"gain, get, find, earn, acquire, can, may, able to, profit, advantage, benefit "
869,従,accompany,"accompany, obey, submit to, comply, follow, secondary, incidental, subordinate "
866,往,journey,"journey, chase away, let go, going, travel "
2188,徹,penetrate,"penetrate, clear, pierce, strike home, sit up (all night) "
2190,徴,indications,"indications, sign, omen, symptom, collect, seek, refer to, question "
2189,微,delicate,"delicate, minuteness, insignificance "
588,程,extent,"extent, degree, law, formula, distance, limits, amount "
1384,秘,secret,"secret, conceal "
396,委,committee,"committee, entrust to, leave to, devote, discard "
1782,秀,excel,"excel, excellence, beauty, surpass "
1785,透,transparent,"transparent, permeate, filter, penetrate "
1783,誘,entice,"entice, lead, tempt, invite, ask, call for, seduce, allure "
1729,菌,germ,"germ, fungus, bacteria "
1773,迷,astray,"astray, be perplexed, in doubt, lost, err, illusion "
1622,粋,chic,"chic, style, purity, essence, pith, cream, elite, choice "
1562,奥,core,"heart, interior "
1099,球,ball,"ball, sphere "
1098,救,salvation,"salvation, save, help, rescue, reclaim "
579,笑,laugh,laugh 
936,策,scheme,"scheme, plan, policy, step, means "
1635,築,fabricate,"fabricate, build, construct "
577,位,rank,"rank, grade, throne, crown, about, some "
643,仲,go-between,"go-between, relationship "
118,件,affair,"affair, case, matter, item "
223,伝,transmit,"transmit, go along, walk along, follow, report, communicate, legend, tradition "
921,仮,provisional,"sham, temporary, interim, assumed (name), informal "
721,例,example,"example, custom, usage, precedent "
1610,健,healthy,"healthy, health, strength, persistence "
626,側,side,"side, lean, oppose, regret "
1424,停,halt,"halt, stopping "
941,倒,overthrow,"overthrow, fall, collapse, drop, break down "
323,償,reparation,"reparation, make up for, recompense, redeem "
1653,催,sponsor,"sponsor, hold (a meeting), give (a dinner) "
69,倍,double,"double, twice, times, fold "
780,優,tenderness,"tenderness, excel, surpass, actor, superiority, gentleness "
1307,傷,wound,"wound, hurt, injure, impair, pain, injury, cut, gash, scar, weak point "
64,付,adhere,"adhere, attach, refer to, append "
247,府,municipality,"borough, urban prefecture, govt office, representative body, storehouse "
372,任,responsibility,"responsibility, duty, term, entrust to, appoint "
1164,貨,freight,"freight, goods, property "
1917,傾,lean,"lean, incline, tilt, trend, wane, sink, ruin, bias "
904,久,long time,"long time, old story "
751,卒,graduate,"graduate, soldier, private, die "
2168,併,join,"join, get together, unite, collective "
468,液,fluid,"fluid, liquid, juice, sap, secretion "
1269,換,interchange,"interchange, period, charge, change? "
1287,融,dissolve,"dissolve, melt "
443,易,easy,"easy, ready to, simple, fortune-telling, divination "
1834,屈,yield,"yield, bend, flinch, submit "
2097,刷,printing,"printing, print "
1505,訳,translate,"translate, reason, circumstance, case "
1503,択,choose,"choose, select, elect, prefer "
1886,房,tassel,"tassel, tuft, fringe, bunch, lock (hair), segment (orange), house, room "
1019,戻,re-,"re-, return, revert, resume, restore, go backwards "
1020,涙,tears,"tears, sympathy "
1889,雇,employ,"employ, hire "
313,礼,salutation,"salute, bow, ceremony, thanks, remuneration "
1200,祝,celebrate,"celebrate, congratulate "
1484,福,blessing,"blessing, fortune, luck, wealth "
1485,祉,welfare,"welfare, happiness "
623,視,inspection,"inspection, regard as, see, look at "
1526,抽,pluck,"pluck, pull, extract, excel "
433,油,oil,"oil, fat "
1529,宙,mid-air,"mid-air, air, space, sky, memorization, interval of time "
873,伸,expand,"expand, stretch, extend, lengthen, increase "
316,神,gods,"gods, mind, soul "
1527,捜,search,"search, look for, locate "
1697,析,chop,"chop, divide, tear, analyze "
1698,折,fold,"fold, break, fracture, bend, yield, submit "
849,断,severance,"severance, decline, refuse, apologize, warn, dismiss, prohibit, decision, judgement, cutting "
1708,訴,accusation,"accusation, sue, complain of pain, appeal to "
1013,侵,encroach,"encroach, invade, raid, trespass, violate "
1015,寝,lie down,"lie down, sleep, rest, bed, remain unsold "
1017,婦,lady,"lady, woman, wife, bride "
972,争,contend,"contend, dispute, argue "
1616,糖,sugar,sugar 
1611,康,sane,"ease, peace "
1608,逮,apprehend,"apprehend, chase "
2111,需,demand,"demand, request, need "
2114,端,edge,"edge, origin, end, point, border, verge, cape "
177,両,both,"both, old Japanese coin, counter for vehicles, two "
1221,錯,confused,"confused, mix, be in disorder "
808,散,scatter,"scatter, disperse, spend, squander "
769,焼,bake,"bake, burning "
744,判,judgment,"judgement, signature, stamp, seal "
922,片,one-sided,"one-sided, leaf, sheet "
923,版,printing block,"printing block, printing plate, edition, impression, label "
1758,乏,destitution,"destitution, scarce, limited "
552,否,negate,"negate, no, noes, refuse, decline, deny "
688,柔,tender,"tender, weakness, gentleness, softness "
687,務,task,"task, duties "
1050,汚,dirty,"dirty, pollute, disgrace, rape, defile "
858,与,bestow,"bestow, participate in, give, award, impart, provide, cause, gift, godsend "
60,身,somebody,"somebody, person, one's station in life "
1021,射,shoot,"shoot, shine into, onto, archery "
1022,謝,apologize,"apologize, thank, refuse "
707,著,renowned,"renowned, publish, write, remarkable, phenomenal, put on, don, wear, arrival, finish (race), counter for suits of clothing, literary work "
1448,諸,various,"various, many, several, together "
1933,狭,cramped,"cramped, narrow, contract, tight "
1181,追,chase,"chase, drive away, follow, pursue, meanwhile "
748,師,expert,"expert, teacher, master, army, war "
290,官,bureaucrat,"bureaucrat, the government "
1839,管,pipe,"pipe, tube, wind instrument, drunken talk "
693,較,contrast,"contrast, compare "
1604,促,stimulate,"stimulate, urge, press, demand, incite "
2013,距,long-distance,long-distance 
1327,躍,leap,"leap, dance, skip "
465,骨,skeleton,"skeleton, bone, remains, frame "
1493,滑,slippery,"slippery, slide, slip, flunk "
1461,障,hinder,"hinder, hurt, harm "
1310,陽,sunshine,"sunshine, yang principle, positive, male, heaven, daytime "
174,防,ward off,"ward off, defend, protect, resist "
586,隊,regiment,"regiment, party, company, squad "
2211,墜,crash,"crash, fall (down) "
962,隣,neighboring,neighboring 
1286,隔,isolate,"isolate, alternate, distance, separate, gulf "
1564,突,stab,"stab, protruding, thrusting, thrust, pierce, prick "
1714,探,grope,"grope, search, look for "
1715,深,deep,"deep, heighten, intensify, strengthen "
907,兵,soldier,"soldier, private, troops, army, warfare, strategy, tactics "
1088,織,weave,"weave, fabric "
875,縮,shrink,"shrink, contract, shrivel, wrinkle, reduce "
871,縦,vertical,"vertical, length, height, self-indulgent, wayward "
1419,締,tighten,"tighten, tie, shut, lock, fasten "
1450,緒,thong,"thong, beginning, inception, end, cord, strap "
1058,統,overall,"overall, relationship, ruling, governing "
526,給,salary,"salary, wage, gift, allow, grant, bestow on "
1762,級,class,"class, rank, grade "
428,紀,chronicle,"chronicle, account, narrative, history, annals, geologic period "
1156,納,settlement,"settlement, obtain, reap, pay, supply, store "
1620,紛,distract,"distract, be mistaken for, go astray, divert "
1106,紹,introduce,"introduce, inherit, help "
239,細,dainty,"dainty, get thin, taper, slender, narrow "
1735,索,cord,"cord, rope "
557,総,general,"general, whole, all, full, total "
1811,繰,winding,"winding, reel, spin, turn (pages), look up, refer to "
848,継,inherit,"inherit, succeed, patch, graft (tree) "
607,緑,green,green 
2035,緊,tense,"tense, solid, hard, reliable, tight "
232,命,fate,"fate, command, decree, destiny, life, appoint "
229,令,orders,"orders, ancient laws, command, decree "
676,齢,age,age 
675,冷,cool,"cool, cold (beer, person), chill "
1922,領,jurisdiction,"jurisdiction, dominion, territory, fief, reign "
1350,疑,doubt,"doubt, distrust, be suspicious, question "
727,範,pattern,"pattern, example, model "
735,犯,crime,"crime, sin, offense "
730,宛,address,"address, just like, fortunately "
1141,卵,egg,"egg, ovum, spawn, roe "
1170,留,detain,"detain, fasten, halt, stop "
1169,貿,trade,"trade, exchange "
231,印,stamp,"stamp, seal, mark, imprint, symbol, emblem, trademark, evidence, souvenir, India "
505,興,entertain,"entertain, revive, retrieve, interest, pleasure "
800,酸,acid,"acid, bitterness, sour, tart "
162,頭,head,"head, counter for large animals "
513,豊,bountiful,"bountiful, excellent, rich "
1212,喜,rejoice,"rejoice, take pleasure in "
197,皿,dish,"dish, a helping, plate "
198,血,blood,blood 
1305,盟,alliance,"alliance, oath "
1304,盗,steal,"steal, rob, pilfer "
2027,監,oversee,"oversee, official, govt office, rule, administer "
1306,塩,salt,salt 
284,根,root,"root, radical, head (pimple) "
390,即,instant,"instant, namely, as is, conform, agree, adapt "
1091,退,retreat,"retreat, withdraw, retire, resign, repel, expel, reject "
500,養,foster,"foster, bring up, rear, develop, nurture "
1820,既,previously,"previously, already, long ago "
1821,概,outline,"outline, condition, approximation, generally "
1765,呼,call,"call, call out to, invite "
745,評,evaluate,"evaluate, criticism, comment "
1067,希,hope,"hope, beg, request, pray, beseech, Greece, dilute (acid), rare, few, phenomenal "
1971,胸,bosom,"bosom, breast, chest, heart, feelings "
1970,離,detach,"detach, separation, disjoin, digress "
522,殺,kill,"kill, murder, butcher, slice off, split, diminish, reduce, spoil "
1101,純,genuine,"genuine, purity, innocence, net (profit) "
1462,辛,spicy,"spicy, bitter, hot, acrid "
1465,辞,resign,"resign, word, term, expression "
1466,壁,wall,"wall, lining (stomach), fence "
1469,避,evade,"evade, avoid, avert, ward off, shirk, shun "
1470,幸,happiness,"happiness, blessing, fortune "
1432,陸,land,"land, six "
1434,勢,forces,"forces, energy, military strength "
2161,核,nucleus,"nucleus, core, kernel "
2159,刻,engrave,"engrave, cut fine, chop, hash, mince, time, carving "
994,述,mention,"mention, state, speak, relate "
133,毒,poison,"poison, virus, venom, germ, harm, injury, spite "
132,素,elementary,"elementary, principle, naked, uncovered "
976,精,refined,"refined, ghost, fairy, energy, vitality, semen, excellence, purity, skill "
974,清,pure,"pure, purify, cleanse, exorcise, Manchu dynasty "
978,静,quiet,quiet 
831,責,blame,"blame, condemn, censure "
836,績,exploits,"exploits, unreeling cocoons "
832,積,volume,"volume, product (x*y), acreage, contents, pile up, stack, load, amass "
833,債,bond,"bond, loan, debt "
1570,潔,undefiled,"undefiled, pure, clean, righteous, gallant "
1568,契,pledge,"pledge, promise, vow "
413,害,harm,"harm, injury "
755,星,star,"star, spot, dot, mark "
1910,籍,enroll,"enroll, domiciliary register, membership "
1732,勤,diligence,"diligence, become employed, serve "
1007,剰,surplus,"surplus, besides "
1771,含,include,"include, bear in mind, understand, cherish "
230,念,wish,"wish, sense, idea, thought, feeling, desire, attention "
1209,序,preface,"preface, beginning, order, precedence, occasion, chance, incidentally "
165,預,deposit,"deposit, custody, leave with, entrust to "
2058,嫌,dislike,"dislike, detest, hate "
1987,腰,loins,"loins, hips, waist, low wainscoting "
739,排,repudiate,"repudiate, exclude, expel, reject "
1856,悲,sad,"jail cell, grieve, sad, deplore, regret "
741,罪,guilt,"guilt, sin, crime, fault, blame, offense "
1675,候,climate,"climate, season, weather "
331,快,cheerful,"cheerful, pleasant, agreeable, comfortable "
661,衛,defense,"defense, protection "
409,刊,publish,"publish, carve, engrave "
1648,岸,beach,beach 
1808,幹,tree trunk,tree trunk 
1542,宇,eaves,"eaves, roof, house, heaven "
995,余,too much,"too much, myself, surplus, other, remainder "
996,除,exclude,"exclude, division (x/3), remove, abolish, cancel, except "
997,徐,gradually,"gradually, slowly, deliberately, gently "
1000,途,route,"route, way, road "
999,斜,diagonal,"diagonal, slanting, oblique "
1001,塗,paint,"paint, plaster, daub, smear, coating "
1567,衝,collide,"collide, brunt, highway, opposition (astronomy), thrust, pierce, stab, prick "
618,症,symptoms,"symptoms, illness "
1801,匹,equal,"equal, head, counter for small animals, roll of cloth "
1385,欧,Europe,Europe 
149,廃,abolish,"abolish, obsolete, cessation, discarding, abandon "
952,療,heal,"heal, cure "
1281,影,shadow,"shadow, silhouette, phantom "
180,顔,face,"face, expression "
2018,膨,swell,"swell, get fat, thick "
1238,参,visit,"nonplussed, three, going, coming, visiting, visit, be defeated, die, be madly in love "
1239,惨,wretched,"wretched, disaster, cruelty, harsh "
1676,修,discipline,"discipline, conduct oneself well, study, master "
2166,珍,rare,"rare, curious, strange "
2165,診,checkup,"checkup, seeing, diagnose, examine "
1234,渋,astringent,"astringent, hesitate, reluctant, have diarrhea "
1321,跡,tracks,"tracks, mark, print, impression "
777,恋,romance,"romance, in love, yearn for, miss, darling "
915,黄,yellow,yellow 
916,横,sideways,"sideways, side, horizontal, width, woof "
1271,絶,discontinue,"discontinue, beyond, sever, cut off, abstain, interrupt, suppress "
1042,甘,sweet,"sweet, coax, pamper, be content, sugary "
1177,貴,precious,"precious, value, prize, esteem, honor "
1179,遺,bequeath,"bequeath, leave behind, reserve "
1180,遣,dispatch,"despatch, send, give, donate, do, undertake "
264,組,association,"association, braid, plait, construct, assemble, unite, cooperate, grapple "
642,助,help,"help, rescue, assist "
200,湿,damp,"damp, wet, moist "
358,洪,deluge,"deluge, flood, vast "
1346,暴,outburst,"outburst, rave, fret, force, violence, cruelty, outrage "
1347,爆,bomb,"bomb, burst open, pop, split "
1502,選,elect,"elect, select, choose, prefer "
435,囲,surround,"surround, besiege, store, paling, enclosure, encircle, preserve, keep "
344,触,contact,"contact, touch, feel, hit, proclaim, announce, conflict "
911,再,again,"again, twice, second time "
918,講,lecture,"lecture, club, association "
919,購,subscription,"subscription, buy "
917,構,posture,"posture, build, pretend "
944,輪,wheel,"wheel, ring, circle, link, loop, counter for wheels and flowers "
1083,編,compilation,"compilation, knit, plait, braid, twist, editing, completed poem, part of a book "
824,冊,tome,"tome, counter for books, volume "
504,典,code,"code, ceremony, law, rule "
480,抵,resist,"resist, reach, touch "
482,底,bottom,"bottom, sole, depth, bottom price, base, kind, sort "
1596,捕,catch,"catch, capture "
1598,補,supplement,"supplement, supply, make good, offset, compensate, assistant, learner "
1297,響,echo,"echo, also N5116, sound, resound, ring, vibrate "
1367,派,faction,"faction, group, party, clique, sect, school "
820,司,director,"director, official, govt office, rule, administer "
822,詞,parts of speech,"part of speech, words, poetry "
823,飼,domesticate,"domesticate, raise, keep, feed "
1903,暇,spare time,"spare time, rest, leisure, time, leave of absence "
655,沈,sink,"sink, be submerged, subside, be depressed, aloes "
1457,妻,wife,"wife, spouse "
592,革,leather,"leather, become serious, skin, hide, pelt "
529,声,voice,voice 
1480,誤,mistake,"mistake, err, do wrong, mislead "
959,承,acquiesce,"acquiesce, hear, listen to, be informed, receive "
1712,極,poles,"poles, settlement, conclusion, end, highest rank, electric poles, very, extremely, most, highly, 10**48 "
1512,翻,flip,"flip, turn over, wave, flutter, change (mind) "
1540,宅,home,"home, house, residence, our house, my husband "
1539,託,consign,"consign, requesting, entrusting with, pretend, hint "
1236,為,do,"do, change, make, benefit, welfare, be of use, reach to, try, practice, cost, serve as, good, advantage, as a result of "
1237,偽,falsehood,"falsehood, lie, deceive, pretend, counterfeit, forgery "
2020,張,lengthen,"lengthen, counter for bows & stringed instruments, stretch, spread, put up (tent) "
880,展,unfold,"unfold, expand "
461,戦,war,"war, battle, match "
1075,弾,bullet,"bullet, twang, flip, snap "
1249,桜,cherry tree,cherry 
1973,脳,brain,"brain, memory "
1972,悩,trouble,"trouble, worry, in pain, distress, illness "
810,厳,stern,"stern, strictness, severity, rigidity "
1247,挙,raise,"raise, plan, project, behavior, actions "
340,鳥,bird,"bird, chicken "
2157,鳴,chirp,"chirp, cry, bark, sound, ring, echo, honk "
1124,援,abet,"abet, help, save "
1126,緩,slacken,"slacken, loosen, relax, lessen, be moderate, ease "
1872,属,belong,"belong, genus, subordinate official, affiliated "
1775,逆,inverted,"inverted, reverse, opposite, wicked "
1369,揺,swing,"swing, shake, sway, rock, tremble, vibrate "
1283,就,concerning,"concerning, settle, take position, depart, study, per "
1272,免,excuse,"excuse, dismissal "
1277,象,elephant,"elephant, pattern after, imitate, image, shape, sign (of the times) "
1278,像,statue,"statue, picture, image, figure, portrait "
336,馬,horse,horse 
367,駐,parking,"stop-over, reside in, resident "
1390,騒,boisterous,"boisterous, make noise, clamor, disturb, excite "
807,驚,wonder,"wonder, be surprised, frightened, amazed "
2002,劇,drama,"drama, play "
914,演,performance,"performance, act, play, render, stage "
902,震,quake,"quake, shake, tremble, quiver, shiver "
903,振,shake,"shake, wave, wag, swing "
511,農,agriculture,"agriculture, farmers "
512,濃,concentrated,"concentrated, thick, dark, undiluted "
1251,咲,blossom,"blossom, bloom "
1849,襲,attack,"attack, advance on, succeed to, pile, heap "
1774,謎,riddle,"riddle, puzzle, enigma, hint, tip "
2155,誰,who?,"who, someone, somebody "
1266,貼,affix,"stick, paste, apply "
1982,胆,gall bladder,"gall bladder, courage, pluck, nerve "
771,旧,olden times,"old times, old things, old friend, former, ex- "
52,舌,tongue,"tongue, reed, clapper "
381,寸,measurement,"measurement, foot/10 "
1865,卓,eminent,"eminent, table, desk, high "
82,貝,shellfish,shellfish 
772,児,newborn babe,"newborn babe, child, young of animals "
1629,凡,mediocre,mediocre 
166,句,phrase,"phrase, clause, sentence, passage, paragraph, counter for haiku "
1997,肌,texture,"texture, skin, body, grain "
167,旬,decameron,"decameron, 10day period, season (for specific products "
1228,賄,bribe,"bribe, board, supply, finance "
85,刀,sword,"sword, saber, knife "
87,刃,blade,"blade, sword, edge "
1203,克,overcome,"overcome, kindly, skillfully "
1290,硝,nitrate,"nitrate, saltpeter "
1623,砕,smash,"smash, break, crush, familiar, popular "
1560,臭,stinking,"stinking, ill-smelling, suspicious looking, odor, savor, fragrance, be fragrant, stink, glow, be bright "
207,泉,spring,"spring, fountain "
1105,沼,marsh,"marsh, lake, bog, swamp, pond "
645,沖,open sea,"open sea, offing, rise high into sky "
1499,江,creek,"creek, inlet, bay "
756,汁,soup,"soup, juice, broth, sap, gravy, pus "
146,潮,tide,"tide, salt water, opportunity "
1766,吐,spit,"spit, vomit, belch, confess, tell (lies) "
1397,垣,hedge,"hedge, fence, wall "
1837,封,seal,"seal, closing "
1976,炎,inflammation,"inflammation, flame, blaze "
1978,淡,thin,"thin, faint, pale, fleeting "
440,灯,lamp,"lamp, a light, light, counter for lights "
129,畑,farm,"farm, field, garden, one's specialty, (kokuji) "
1646,灰,ashes,"ashes, puckery juice, cremate "
1992,胴,trunk,"trunk, torso, hull (ship), hub of wheel "
1398,宣,proclaim,"proclaim, say, announce "
1294,宴,banquet,"banquet, feast, party "
1624,枠,frame,"frame, framework, spindle, spool, bounding-box, (kokuji) "
2227,棚,shelf,"shelf, ledge, rack, mount, mantle, trellis "
1049,枯,wither,"wither, die, dry up, be seasoned "
1967,机,desk,"desk, table "
854,暦,calendar,"calendar, almanac "
1041,寛,tolerant,"tolerant, leniency, generosity, relax, feel at home, be at ease, broadminded "
1340,墓,grave,"grave, tomb "
1342,暮,livelihood,"livelihood, make a living, spend time "
1337,膜,membrane,membrane 
1828,眺,stare,"stare, watch, look at, see, scrutinize "
2074,鉢,bowl,"bowl, rice tub, pot, crown "
2132,釣,angling,"angling, fish, catch, allure, ensnare "
556,針,needle,"needle, pin, staple, stinger "
1546,銘,inscription,"inscription, signature (of artisan) "
1719,鎮,tranquillize,"tranquilize, ancient peace-preservation centers "
1146,迅,swift,"swift, fast "
1553,巡,patrol,"patrol, go around, circumference "
1968,冗,superfluous,"superfluous, uselessness "
934,輝,radiance,"radiance, shine, sparkle, gleam, twinkle "
1423,亭,pavilion,"pavilion, restaurant, mansion, arbor, cottage, vaudeville, music hall, stage name "
1285,鯨,whale,whale 
1606,津,haven,"haven, port, harbor, ferry "
515,詰,packed,"packed, close, pressed, reprove, rebuke, blame "
389,詩,poem,"poem, poetry "
1804,諾,consent,"consent, assent, agreement "
1319,栽,plantation,"plantation, planting "
1577,茂,overgrown,"overgrown, grow thick, be luxuriant "
1298,城,castle,castle 
1299,誠,sincerity,"sincerity, admonish, warn, prohibit, truth, fidelity "
2080,錠,lock,"lock, fetters, shackles "
1349,礎,cornerstone,"cornerstone, foundation stone "
2199,婿,bridegroom,"bridegroom, son-in-law "
1860,哀,pathetic,"pathetic, grief, sorrow, pathos, pity, sympathize "
204,布,linen,"linen, cloth "
1631,帆,sail,sail 
1339,幕,curtain,"curtain, bunting, act of play "
2084,瞳,pupil,pupil 
2083,鐘,bell,"bell, gong, chimes "
1119,滴,drip,"drip, drop "
2267,渇,thirst,"thirst, dry up, parch "
2268,褐,brown,"brown, woollen kimono "
2270,喝,hoarse,"hoarse, scold "
931,旨,delicious,"delicious, relish, show a liking for, purport, will, clever, expert "
1994,脂,fat,"fat, grease, tallow, lard, rosin, gum, tar "
1574,敏,cleverness,"cleverness, agile, alert "
1751,炊,cook,"cook, boil "
1638,諮,consult with,consult with 
1264,培,cultivate,"cultivate, foster "
1262,剖,divide,divide 
1061,盲,blind,"blind, blind man, ignoramus "
1064,荒,laid waste,"laid waste, rough, rude, wild "
1883,坊,boy,"boy, priest's residence, priest "
1996,肪,obese,"obese, fat "
1196,鋭,pointed,"pointed, sharpness, edge, weapon, sharp, violent "
1845,妊,pregnancy,pregnancy 
877,廷,courts,"courts, imperial court, government office "
343,虫,insect,"insect, bug, temper "
426,己,self,"self, snake, serpent "
457,包,wrap,"wrap, pack up, cover, conceal "
1984,胞,placenta,"placenta, sac, sheath "
665,砲,cannon,"cannon, gun "
666,泡,bubble,"bubbles, foam, suds, froth "
508,滝,waterfall,"waterfall, rapids, cascade "
218,豚,pork,"pork, pig "
2209,逐,pursue,"pursue, drive away, chase, accomplish, attain, commit "
2210,遂,consummate,"consummate, accomplish, attain, commit (suicide) "
2201,嫁,marry into,"marry into, bride "
2204,豪,overpowering,"overpowering, great, powerful, excelling, Australia "
1985,腸,intestines,"intestines, guts, bowels, viscera "
446,湯,hot water,"hot water, bath, hot spring "
490,羊,sheep,sheep 
493,鮮,fresh,"fresh, vivid, clear, brilliant, Korea "
2156,唯,solely,"solely, only, merely, simply "
1654,焦,char,"char, hurry, impatient, irritate, burn, scorch, singe "
1655,礁,reef,"reef, sunken rock "
713,准,quasi-,"quasi-, semi-, associate "
1788,雌,feminine,"feminine, female "
1131,歓,delight,"delight, joy "
418,羽,feathers,"feathers, counter for birds, rabbits "
419,翌,the following,"the following, next "
1328,濯,laundry,"laundry, wash, pour on, rinse "
1095,忍,endure,"endure, bear, put up with, conceal, secrete, spy, sneak "
644,忠,loyalty,"loyalty, fidelity, faithfulness "
1728,恩,grace,"grace, kindness, goodness, favor, mercy, blessing, benefit "
1557,憩,recess,"recess, rest, relax, repose "
581,恵,favor,"favor, blessing, grace, kindness "
1202,悦,ecstasy,"ecstasy, joy, rapture "
1396,恒,constancy,"constancy, always "
1866,悼,lament,"lament, grieve over "
326,悟,enlightenment,"enlightenment, perceive, discern, realize, understand "
1065,慌,disconcerted,"disconcerted, be confused, lose one's head "
1573,悔,repent,"repent, regret "
1225,憎,hate,"hate, detest "
947,愉,pleasure,"pleasure, happy, rejoice "
2217,惰,lazy,"lazy, laziness "
929,犠,sacrifice,sacrifice 
664,抱,embrace,"embrace, hug, hold in arms "
1955,拓,clear the land,"clear (the land), open, break up (land) "
1185,拍,clap,"clap, beat (music) "
1070,拘,arrest,"arrest, seize, concerned, adhere to, despite "
1784,拐,kidnap,"kidnap, falsify "
1069,括,fasten,"fasten, tie up, arrest, constrict "
933,揮,brandish,"brandish, wave, wag, swing, shake "
1117,掛,hang,"hang, suspend, depend, arrive at, tax, pour "
469,戒,commandment,commandment 
1558,鼻,nose,"nose, snout "
1658,隻,vessels,"vessels, counter for ships, fish, birds, arrows, one of a pair "
1659,獲,seize,"seize, get, find, earn, acquire, can, may, able to "
2052,殻,husk,"husk, nut shell "
965,枝,bough,"bough, branch, twig, limb "
1991,肢,limb,"limb, arms & legs "
1253,茎,stalk,"stalk, stem "
1255,怪,suspicious,"suspicious, mystery, apparition "
2045,寂,loneliness,"loneliness, quietly, mellow, mature, death of a priest "
201,爪,claw,"claw, nail, talon "
160,乳,milk,"milk, breasts "
2065,鉱,mineral,"mineral, ore "
1787,雄,masculine,"masculine, male, hero, leader, superiority, excellence "
2216,怠,neglect,"neglect, laziness "
1986,胎,womb,"womb, uterus "
1060,硫,sulfur,sulphur 
1709,訟,sue,"sue, accuse "
1034,谷,valley,valley 
1036,浴,bathe,"bathe, be favored with, bask in "
1040,裕,abundant,"abundant, rich, fertile "
2067,鉛,lead (metal),lead 
1348,沿,run alongside,"run alongside, follow along, run along, lie along "
595,皮,pelt,"pelt, skin, hide, leather "
1950,披,expose,"expose, open "
1090,殉,martyrdom,"martyrdom, follow by resigning "
841,殖,augment,"augment, increase, multiply, raise "
720,裂,split,"split, rend, tear "
717,葬,interment,"interment, bury, shelve "
963,瞬,wink,"wink, blink, twinkle "
1667,懐,pocket,"pocket, feelings, heart, yearn, miss someone, become attached to, bosom, breast "
1134,慢,ridicule,"ridicule, laziness "
1135,漫,loose,"cartoon, involuntarily, in spite of oneself, corrupt "
438,寧,rather,"rather, preferably "
2266,濁,voiced,"voiced, uncleanness, wrong, nigori, impurity "
1550,還,send back,"send back, return "
1168,潜,submerge,"submerge, conceal, hide, lower (voice), hush "
1211,迭,alternate,"transfer, alternation "
484,臣,retainer,"retainer, subject "
855,臨,look to,"look to, face, meet, confront, attend, call on "
2026,覧,perusal,"perusal, see "
1129,勧,persuade,"persuade, recommend, advise, encourage, offer "
1993,脇,armpit,"armpit, the other way, another place, flank, supporting role "
868,征,subjugate,"subjugate, attack the rebellious, collect taxes "
1254,径,diameter,"diameter, path, method "
1668,徳,benevolence,"benevolence, virtue, goodness, commanding respect "
992,街,boulevard,"boulevard, street, town "
1268,衡,equilibrium,"equilibrium, measuring rod, scale "
1580,稿,draft,"draft, copy, manuscript, straw "
2202,稼,earnings,"earnings, work, earn money "
2148,稚,immature,"immature, young "
1210,秩,regularity,"regularity, salary, order "
684,称,appellation,"appellation, praise, admire, name, title, fame "
1660,穫,harvest,"harvest, reap "
1314,穂,ear of a plant,"ear, ear (grain), head, crest (wave) "
1315,稲,rice plant,rice plant 
2053,穀,cereals,"cereals, grain "
1619,粉,flour,"flour, powder, dust "
1267,粘,sticky,"sticky, glutinous, greasy, persevere "
235,粒,grains,"grains, drop, counter for tiny particles "
1617,粧,cosmetics,"cosmetics, adorn (one's person) "
1618,糧,provisions,"provisions, food, bread "
243,竹,bamboo,bamboo 
392,筋,muscle,"muscle, sinew, tendon, fiber, plot, plan, descent "
1909,箱,box,"box, chest, case, bin, railway car "
1605,筆,writing brush,"writing brush, writing, painting brush, handwriting "
1838,筒,cylinder,"cylinder, pipe, tube, gun barrel, sleeve "
985,簿,register,"register, record book "
811,仏,Buddha,"Buddha, the dead, France "
1039,俗,vulgar,"vulgar, customs, manners, worldliness, mundane things "
1353,倣,emulate,"emulate, imitate "
1226,僧,Buddhist priest,"Buddhist priest, monk "
928,儀,ceremony,"ceremony, rule, affair, case, a matter "
1571,侮,scorn,"scorn, despise, make light of, contempt "
1361,伐,fell,"fell, strike, attack, punish "
1176,傑,greatness,"greatness, excellence "
702,袋,sack,"sack, bag, pouch "
1440,俊,sagacious,"sagacious, genius, excellence "
1884,傍,bystander,"bystander, side, besides, while, nearby, 3rd person "
1524,柄,design,"design, pattern, build, nature, handle, crank, grip, knob, shaft "
1242,宮,Shinto shrine,"shinto shrine, constellations, palace, princess "
572,旋,rotation,"rotation, go around "
1893,尿,urine,urine 
2117,泥,mud,"mud, mire, adhere to, be attached to "
2171,塀,fence,"fence, wall, (kokuji) "
1871,履,footgear,"footgear, shoes, boots, put on (the feet "
1536,握,grip,"grip, hold, mould sushi, bribe "
1835,掘,dig,"dig, delve, excavate "
1836,堀,ditch,"ditch, moat, canal "
255,居,reside,"reside, to be, exist, live with "
1535,据,set,"set, lay a foundation, install, equip, squat down, sit down "
1224,層,stratum,"stratum, social class, layer, story, floor "
2118,漏,leak,"leak, escape, time "
337,尺,shaku,"shaku, Japanese foot, measure, scale, rule "
338,尽,exhaust,"exhaust, use up, run out of, befriend, serve "
1504,沢,swamp,swamp 
248,戸,door,door 
1495,肩,shoulder,shoulder 
1887,扇,fan,"fan, folding fan "
1896,炉,hearth,"hearth, furnace, kiln, reactor "
636,宗,religion,"religion, sect, denomination, main point, origin, essence "
1645,崇,adore,"adore, respect, revere, worship "
1530,笛,flute,"flute, clarinet, pipe, whistle, bagpipe, piccolo "
1597,挿,insert,"insert, put in, graft, wear (sword) "
602,菓,candy,"candy, cakes, fruit "
1794,詐,lie,"lie, falsehood, deceive, pretend "
1313,穏,calm,"calm, quiet, moderation "
1014,浸,immersed,"immersed, soak, dip, steep, moisten, wet, dunk "
1016,掃,sweep,"sweep, brush "
979,浄,clean,"clean, purify, cleanse, exorcise, Manchu Dynasty "
1407,君,old boy,"old boy, name-suffix "
1408,群,flock,"flock, group, crowd, herd, swarm, cluster "
2109,耐,-proof,"-proof, enduring "
1218,惜,pity,"pity, be sparing of, frugal, stingy, regret "
1219,措,set aside,"set aside, give up, suspend, discontinue, lay aside, except "
1813,噴,erupt,"erupt, spout, emit, flush out "
1814,墳,tomb,"tomb, mound "
1815,憤,aroused,"aroused, resent, be indignant, anger "
1759,芝,turf,"turf, lawn "
559,矢,dart,"dart, arrow "
421,弓,bow,"bow, bow (archery, violin) "
1187,沸,seethe,"seethe, boil, ferment, uproar, breed "
1047,巧,adroit,"adroit, skilled, ingenuity "
1048,朽,decay,"decay, rot, remain in seclusion "
2025,誇,boast,"boast, be proud, pride, triumphantly "
2215,髄,marrow,"marrow, pith "
1487,渦,whirlpool,"whirlpool, eddy, vortex "
2213,随,follow,"follow, though, notwithstanding, while, during, both, all, obey, submit to, comply, at the mercy of (the waves) "
1263,陪,auxiliary,"obeisance, follow, accompany, attend on "
2214,附,affixed,"affixed, attach, refer to, append "
1374,陣,camp,"camp, battle array, ranks, position "
1312,隠,conceal,"conceal, hide, cover "
1375,陥,collapse,"collapse, fall into, cave in, fall (castle), slide into "
397,穴,hole,"hole, aperture, slit, cave, den "
1952,控,withdraw,"withdraw, draw in, hold back, refrain from, be moderate "
1565,窒,plug up,"plug up, obstruct "
909,浜,seacoast,"seacoast, beach, seashore "
112,糸,thread,thread 
1575,繁,luxuriant,"luxuriant, thick, overgrown, frequency, complexity, trouble "
2149,維,fiber,"fiber, tie, rope "
896,羅,gauze,"gauze, thin silk, Rome "
835,紡,spinning,spinning 
874,紳,sire,"sire, good belt, gentleman "
884,累,accumulate,"accumulate, involvement, trouble, tie up, continually "
211,綿,cotton,cotton 
212,絹,silk,silk 
610,縁,affinity,"affinity, relation, connection, edge, border, verge, brink "
2147,幼,infancy,"infancy, childhood "
470,幾,how many,"how many, how much, how far, how long "
2135,玄,mysterious,"mysterious, occultness "
2133,畜,livestock,"livestock, domestic fowl and animals "
2134,蓄,amass,"amass, keeping a concubine, phonograph "
2142,弦,bowstring,"bowstring, chord, hypotenuse "
2182,擁,hug,"hug, embrace, possess, protect, lead "
2181,磁,magnet,"magnet, porcelain "
1077,系,lineage,"lineage, system "
1079,孫,grandchild,"grandchild, descendants "
1080,懸,suspend,"suspend, hang, 10%, install, depend, consult "
734,脚,shins,"skids, leg, undercarriage "
2082,鈴,small bell,"small bell, buzzer "
1352,擬,mimic,"mimic, aim (a gun) at, nominate, imitate "
1351,凝,congeal,"congeal, freeze, stiff, be absorbed in "
732,腕,arm,"arm, ability, talent "
161,豆,beans,"beans, pea, midget "
2028,鑑,specimen,"specimen, take warning from, learn from "
1300,盛,boom,"boom, prosper, copulate "
1217,恨,resentment,"regret, bear a grudge, resentment, malice, hatred "
1092,眼,eyeball,eyeball 
1477,浪,wandering,"wandering, waves, billows "
1966,飢,hungry,"hungry, starve "
1965,餓,starve,"starve, hungry, thirst "
1963,飾,decorate,"decorate, ornament, adorn, embellish "
1964,飽,sated,"sated, tired of, bored, satiate "
1822,慨,rue,"rue, be sad, sigh, lament "
1403,坪,two-mat area,"two-mat area, ~36 sq ft "
1102,鈍,dull,"dull, slow, foolish, blunt "
1769,叫,shout,"shout, exclaim, yell "
2087,卑,lowly,"lowly, base, vile, vulgar "
2088,碑,tombstone,"tombstone, monument "
2164,該,above-stated,"above-stated, the said, that specific "
1662,譲,defer,"defer, turnover, transfer, convey "
131,麦,barley,"barley, wheat "
1569,喫,consume,"consume, eat, drink, smoke, receive (a blow) "
417,憲,constitution,"constitution, law "
431,姓,surname,surname 
930,牲,animal sacrifice,"animal sacrifice, offering "
1642,拝,worship,"worship, adore, pray to "
1544,寿,longevity,"longevity, congratulations, one's natural life "
1545,鋳,casting,"casting, mint "
2107,棒,rod,"rod, stick, cane, pole, club, line "
1731,嘆,sigh,"sigh, lament, moan, grieve "
1004,垂,droop,"droop, suspend, hang, slouch "
1008,睡,drowsy,"drowsy, sleep, die "
1311,陰,shade,"shade, yin, negative, sex organs, secret, shadow "
1006,兼,concurrently,"concurrently, and "
2059,謙,self-effacing,"self-effacing, humble oneself, condescend, be modest "
2056,廉,bargain,"bargain, reason, charge, suspicion, point, account, purity, honest, low price, cheap, rested, contented, peaceful "
784,漂,drift,"drift, float (on liquid) "
1870,覆,capsize,"capsize, cover, shade, mantle, be ruined "
1199,閲,review,"review, inspection, revision "
1362,閥,clique,"clique, lineage, pedigree, faction, clan "
792,閣,tower,"tower, tall building, palace "
1365,閑,leisure,leisure 
1491,潤,wet,"wet, be watered, profit by, receive benefits, favor, charm, steep "
1363,闘,fight,"fight, war "
740,俳,haiku,"haiku, actor "
1888,扉,front door,"front door, title page, front page "
659,偉,admirable,"admirable, greatness, remarkable, conceited, famous, excellent "
660,緯,horizontal,"horizontal, woof, left & right, latitude "
662,韓,Korea,Korea 
1980,肝,liver,"liver, pluck, nerve, chutzpah "
1931,瀬,rapids,"rapids, current, torrent, shallows, shoal "
1032,倹,frugal,"frugal, economy, thrifty "
1387,殴,assault,"assault, hit, beat, thrash "
1137,抑,repress,"repress, well, now, in the first place, push, shove, press, seal, do in spite of "
1138,仰,faceup,"face-up, look up, depend, seek, respect, rever, drink, take "
1139,迎,welcome,"welcome, meet, greet "
1055,澄,lucidity,"lucidity, be clear, clear, clarify, settle, strain, look grave "
953,僚,colleague,"colleague, official, companion "
955,寮,dormitory,"dormitory, hostel, villa, tea pavillion "
1500,湾,gulf,"gulf, bay, inlet "
2024,把,grasp,"grasp, faggot, bunch, counter for bundles "
2178,艶,glossy,"glossy, luster, glaze, polish, charm, colorful, captivating "
2023,肥,fertilizer,"fertilizer, get fat, fertile, manure, pamper "
2121,某,so-and-so,"so-and-so, one, a certain, that person "
2122,謀,conspire,"conspire, cheat, impose on, plan, devise, scheme, have in mind, deceive "
2123,媒,mediator,"mediator, go-between "
1795,欺,deceit,"deceit, cheat, delude "
573,旗,national flag,"national flag, banner, standard "
1519,宜,best regards,"best regards, good "
2008,繊,slender,"slender, fine, thin kimono "
1359,撲,slap,"slap, strike, hit, beat, tell, speak "
1358,僕,me,"me, I (male) "
883,翼,wing,"wing, plane, flank "
881,殿,Mr.,"Mr., hall, mansion, palace, temple, lord "
434,井,well,"well, well crib, town, community "
1643,耕,till,"till, plow, cultivate "
920,溝,gutter,"gutter, ditch, sewer, drain, 10**32 "
943,倫,ethics,"ethics, companion "
1081,偏,partial,"partial, side, left-side radical, inclining, biased "
1082,遍,everywhere,"everywhere, times, widely, generally "
1009,眠,sleep,"sleep, die, sleepy "
1409,郡,county,"county, district "
1366,脈,vein,"vein, pulse, hope "
2064,鍛,forge,"forge, discipline, train "
2145,幻,phantasm,"phantasm, vision, dream, illusion, apparition "
821,伺,pay respects,"pay respects, visit, ask, inquire, question, implore "
668,舟,boat,"boat, ship "
670,舶,liner,"liner, ship "
672,搬,conveyor,"conveyor, carry, transport "
2029,艦,warship,warship 
879,艇,rowboat,"rowboat, small boat "
1074,弧,arc,"arc, arch, bow "
1073,孤,orphan,"orphan, alone "
1861,衰,decline,"decline, wane, weaken "
1869,覇,hegemony,"hegemony, supremacy, leadership, champion "
1817,芽,bud,"bud, sprout, spear, germ "
1818,雅,gracious,"gracious, elegant, graceful, refined "
1506,釈,explanation,explanation 
1510,審,hearing,"hearing, judge, trial "
487,毛,fur,"fur, hair, feather, down "
1644,耗,decrease,decrease 
488,尾,tail,"tail, end, counter for fish, lower slope of mountain "
2021,帳,notebook,"notebook, account book, album "
1792,髪,hair of the head,hair of the head 
2075,鎖,chain,"chain, irons, connection "
2284,鶏,chicken,chicken 
1874,偶,accidentally,"accidentally, even number, couple, man & wife, same kind "
1877,遇,interview,"interview, treat, entertain, receive, deal with "
1878,愚,foolish,"foolish, folly, absurdity, stupid "
1875,隅,corner,"corner, nook "
2069,鋼,steel,steel 
1370,謡,Noh chanting,noh chanting 
1273,逸,elude,"deviate, idleness, leisure, miss the mark, evade, elude, parry, diverge "
1998,膚,skin,"skin, body, grain, texture, disposition "
2259,薦,recommend,"recommend, mat, advise, encourage, offer "
1848,辱,embarrass,"embarrass, humiliate, shame "
1846,娠,with child,"with child, pregnancy "
1847,唇,lips,lips 
2090,鬼,ghost,"ghost, devil "
2092,醜,ugly,"ugly, unclean, shame, bad looking "
2093,魂,soul,"soul, spirit "
2095,魔,witch,"witch, demon, evil spirit "
2094,魅,fascination,"fascination, charm, bewitch "
2091,塊,clod,"clod, lump, chink, clot, mass "
261,箇,item,counters for things 
2063,錬,tempering,"tempering, refine, drill, train, polish "
1356,俺,myself,"I, myself "
2245,匂,aroma,"fragrant, stink, glow, insinuate, (kokuji) "
1895,尻,buttocks,"buttocks, hips, butt, rear "
1537,揃,muster,"be complete, uniform, all present "
2119,氾,widespread,"spread out, wide "
2112,濡,drench,"get wet, damp, make love "
494,蘇,resurrect,"be resuscitated, revived "
2060,遜,modest,"humble, modest "
2229,桁,girder,"beam, girder, spar, unit or column (accounting) "
1724,梱,bale,"pack, tie up, bale "
1068,稀,sparse,"rare, phenomenal, dilute (acid) "
2081,綻,come apart at the seams,"be rent, ripped, unravel, run, begin to open, smile "
1229,賂,graft,bribe 
1488,鍋,pot,"pot, pan, kettle "
2077,鍵,key,key 
1364,闇,pitch dark,"get dark, gloom, disorder "
2173,餌,feed,"food, bait, prey, tempting profit "
551,歪,warped,"warp, bend, strained, distort "
436,丼,domburi,"bowl, bowl of food "
1683,冒,risk,"risk, face, defy, dare, damage, assume (a name) "
1685,唱,chant,"chant, recite, call upon, yell "
1686,晶,sparkle,"sparkle, clear, crystal "
1240,呂,spine,"spine, backbone "
2101,凹,concave,"concave, hollow, sunken "
2102,凸,convex,"convex, beetle brow, uneven "
1051,升,measuring box,"measuring box, 1.8 liter "
1867,貞,upright,"upright, chastity, constancy, righteousness "
156,頁,page,"page, leaf "
1918,頑,stubborn,"stubborn, foolish, firmly "
168,勺,ladle,"ladle, one tenth of a go, dip "
1522,乙,fish guts,"the latter, duplicate, strange, witty "
1158,貢,tribute,"tribute, support, finance "
1103,召,seduce,"seduce, call, send for, wear, put on, ride in, buy, eat, drink, catch (cold) "
1109,昭,shining,"shining, bright "
1913,頂,place on the head,"place on the head, receive, top of head, top, summit, peak "
1559,孔,cavity,"cavity, hole, slit, very, great, exceedingly "
2197,如,likeness,"likeness, like, such as, as if, better, best, equal "
1911,貫,pierce,"pierce, 8 1/3lbs, penetrate, brace "
1288,肖,resemblance,resemblance 
1902,涯,horizon,"horizon, shore "
1937,煩,anxiety,"anxiety, trouble, worry, pain, ill, annoy, nuisance, irksome "
531,里,ri,"ri, village, parent's home, league "
536,墨,black ink,"black ink, India ink, ink stick, Mexico "
2242,厘,rin,"rin, 1/10sen, 1/10bu "
533,埋,bury,"bury, be filled up, embedded "
1842,洞,den,"den, cave, excavation "
184,尚,esteem,"esteem, furthermore, still, yet "
1293,宵,wee hours,"wee hours, evening, early night "
1116,朴,crude,"crude, simple, plain, docile "
566,朱,vermilion,"vermilion, cinnabar, scarlet, red, bloody "
1823,苗,seedling,"seedling, sapling, shoot "
1830,桃,peach tree,peach tree 
762,黙,silence,"silence, become silent, stop speaking, leave as is "
766,狩,hunt,"hunt, raid, gather "
1825,猫,cat,cat 
1959,塔,pagoda,"pagoda, tower, steeple "
73,玉,jewel,"jewel, ball "
1207,珠,pearl,"pearl, gem, jewel "
736,狂,lunatic,"lunatic, insane, crazy, confuse "
77,皇,emperor,emperor 
587,呈,display,"display, offer, present, send, exhibit "
2230,栓,plug,"plug, bolt, cork, bung, stopper "
2068,銑,pig iron,pig iron 
690,軌,rut,"rut, wheel, track, model, way of doing "
1969,冠,crown,"crown, best, peerless "
1641,坑,pit,"pit, hole "
1421,享,receive,"receive, undergo, answer (phone), take, get, catch "
1437,塾,cram school,"cram school, private school "
1436,熟,mellow,"mellow, ripen, mature, acquire skill "
910,舎,cottage,"cottage, inn, hut, house, mansion "
514,吉,good luck,"good luck, joy, congratulations "
1589,壮,robust,"robust, manhood, prosperity "
1590,荘,villa,"villa, inn, cottage, feudal manor "
576,牧,breed,"breed, care for, shepherd, feed, pasture "
805,敬,awe,"awe, respect, honor, revere "
737,獄,prison,"prison, jail "
1107,詔,imperial edict,imperial edict 
1693,詠,recitation,"recitation, poem, song, composing "
946,諭,rebuke,"rebuke, admonish, charge, warn, persuade "
110,弐,II (two),"II, two, second "
1231,賊,burglar,"burglar, rebel, traitor, robber "
1584,桟,scaffold,"scaffold, cleat, frame, jetty, bolt (door) "
1585,銭,coin,"coin, .01 yen, money "
1923,頻,repeatedly,"repeatedly, recur "
1230,賦,levy,"levy, ode, prose, poem, tribute, installment "
1114,赴,proceed,"proceed, get, become, tend "
1678,是,just so,"just so, this, right, justice "
1680,堤,dike,"dike, bank, embankment "
1859,猿,monkey,monkey 
1687,帽,cap,"cap, headgear "
900,雷,thunder,"thunder, lightening bolt "
1908,霜,frost,frost 
1459,章,badge,"badge, chapter, composition, poem, design "
1418,帝,sovereign,"sovereign, the emperor, god, creator "
537,童,juvenile,"juvenile, child "
1120,嫡,legitimate wife,"legitimate wife, direct descent (non-bastard) "
1425,昆,descendants,"descendants, elder brother, insect "
2271,謁,audience,"audience, audience (with king) "
2115,壱,I (one),"I, one "
1572,梅,plum,plum 
1594,韻,rhyme,"rhyme, elegance, tone "
1455,妄,delusion,"delusion, unnecessarily, without authority, reckless "
1780,芳,perfumed,"perfume, balmy, flavorable, fragrant "
1688,棟,ridgepole,"ridgepole, ridge "
1962,賓,V.I.P.,"V.I.P., guest "
1244,蛍,lightning bug,"lightning-bug, firefly "
2297,蛇,snake,"snake, serpent, hard drinker "
2300,虹,rainbow,rainbow 
2292,蚕,silkworm,silkworm 
2195,妃,queen,"queen, princess "
1726,姻,matrimony,"matrimony, marry "
1958,壇,podium,"podium, stage, rostrum, terrace "
441,庁,government office,government office 
851,床,bed,"bed, floor, padding, tatami "
852,麻,hemp,"hemp, flax "
2100,磨,grind,"grind, polish, scour, improve, brush (teeth) "
1864,忌,mourning,"mourning, abhor, detestable, death anniversary "
779,憂,melancholy,"melancholy, grieve, lament, be anxious, sad, unhappy "
1961,寡,widow,"widow, minority, few "
1216,憾,remorse,"remorse, regret, be sorry "
1343,慕,pining,"pining, yearn for, love dearly, adore "
1894,泌,ooze,"ooze, flow, soak in, penetrate, secrete "
2099,摩,chafe,"chafe, rub, polish, grind, scrape "
1954,抹,rub,"rub, paint, erase "
1960,搭,board,"board, load (a vehicle), ride "
1744,抄,extract,"extract, selection, summary, copy, spread thin "
1308,揚,hoist,"hoist, fry in deep fat "
722,刑,punish,"punish, penalty, sentence, punishment "
657,丈,length,"length, 10feet, measure, Mr., Ms., height, stature, all (one has), only, that's all, merely "
886,吏,officer,"officer, an official "
58,又,or again,"or again, furthermore, on the other hand "
1498,双,pair,"pair, set, comparison, counter for pairs "
2291,桑,mulberry,mulberry 
2047,奴,guy,"guy, slave, manservant, fellow "
2043,叔,uncle,"uncle, youth "
2044,淑,graceful,"graceful, gentle, pure "
615,奨,exhort,"exhort, urge, encourage "
1441,唆,tempt,"tempt, seduce, instigate, promote "
1833,拙,bungling,"bungling, clumsy, unskillful "
968,岐,branch off,"branch off, fork in road, scene, arena, theater "
969,峠,mountain peak,"mountain peak, mountain pass, climax, crest, (kokuji) "
1651,嵐,storm,"storm, tempest "
1333,崎,promontory,"promontory, cape, spit "
1919,頒,partition,"distribute, disseminate, partition, understand "
242,松,pine tree,pine tree 
1451,翁,venerable old man,venerable old man 
320,堂,public chamber,"public chamber, hall "
324,掌,manipulate,"manipulate, rule, administer, conduct, palm of hand "
1452,婆,old woman,"old woman, grandma, wet nurse "
719,烈,ardent,"ardent, violent, vehement, furious, severe, extreme "
589,聖,holy,"holy, saint, sage, master, priest "
809,敢,daring,"daring, sad, tragic, pitiful, frail, feeble "
742,罰,penalty,"penalty, punishment "
1953,扶,aid,"aid, help, assist "
2285,渓,mountain stream,"mountain stream, valley "
2196,姫,princess,princess 
2032,賢,intelligent,"intelligent, wise, wisdom, cleverness "
2034,堅,strict,"strict, hard, solid, tough, tight, reliable "
1743,劣,inferiority,"inferiority, be inferior to, be worse "
2037,励,encourage,"encourage, be diligent, inspire "
1172,賀,congratulations,"congratulations, joy "
1173,架,erect,"erect, frame, mount, support, shelf, construct "
2191,懲,penal,"penal, chastise, punish, discipline "
1316,愁,distress,"distress, grieve, lament, be anxious "
1781,香,incense,"incense, smell, perfume "
1417,菊,chrysanthemum,chrysanthemum 
1957,楼,watchtower,"watchtower, lookout, high building "
1002,漆,lacquer,"lacquer, varnish, seven "
2218,佐,assistant,"assistant, help "
1393,但,however,"however, but "
1677,悠,remote,"permanence, distant, long time, leisure "
1850,伏,prostrated,"prostrated, bend down, bow, cover, lay (pipes) "
1184,伯,chief,"chief, count, earl, uncle, Brazil "
1901,佳,excellent,"excellent, beautiful, good, pleasing, skilled "
388,侍,waiter,"waiter, samurai, wait upon, serve "
1868,偵,spy,spy 
1003,仙,hermit,"hermit, wizard, cent "
1094,仁,humanity,"humanity, virtue, benevolence, charity, man, kernel "
703,褒,praise,"praise, extol "
2243,畝,furrow,"furrow, 30 tsubo, ridge, rib "
1722,囚,captured,"captured, criminal, arrest, catch "
1523,丙,third class,"third class, 3rd, 3rd calendar sign "
2183,腐,rot,"rot, decay, sour "
753,傘,umbrella,umbrella 
2244,匁,monme,"monme, 3.75 grams, (kokuji) "
2169,瓶,flower pot,"flower pot, bottle, vial, jar, jug, vat, urn "
1213,善,virtuous,"virtuous, good, goodness "
2203,塚,hillock,"hillock, mound "
2224,幣,cash,"cash, bad habit, humble prefix, gift, shinto offerings of cloth, rope, cut paper "
2223,弊,abuse,"abuse, evil, vice, breakage "
1270,喚,yell,"yell, cry, scream "
444,賜,grant,"grant, gift, boon, results "
2116,尼,nun,nun 
1890,顧,look back,"look back, review, examine oneself, turn around "
1738,啓,disclose,"disclose, open, say "
496,祥,auspicious,"auspicious, happiness, good omen "
2124,尉,military officer,"military officer, jailer, old man, rank "
2125,慰,consolation,"consolation, amusement, seduce, cheer, make sport of, comfort, console "
2051,款,goodwill,"goodwill, article, section, friendship, collusion "
1532,襟,collar,"collar, neck, lapel "
2098,擦,grate,"grate, rub, scratch, scrape, chafe, scour "
692,軸,axis,"axis, pivot, stem, stalk, counter for book scrolls "
1521,甲,armor,"armor, high (voice), A grade, first class, former, instep, carapace "
1335,岬,headland,"headland, cape, spit, promontory "
711,裸,naked,"naked, nude, uncovered, partially clothed "
193,斤,ax,"axe, 1.32 lb, catty, counter for loaves of bread "
640,祈,pray,"pray, wish "
1703,哲,philosophy,"philosophy, clear "
1702,逝,departed,"departed, die "
1701,誓,vow,"vow, swear, pledge "
1706,暫,temporarily,"temporarily, a while, moment, long time "
1705,漸,steadily,"steadily, gradually advancing, finally, barely "
1707,斥,reject,"reject, retreat, recede, withdraw, repel, repulse "
1636,尋,inquire,"inquire, fathom, look for "
1615,唐,T'ang,"T'ang, China "
2113,儒,Confucian,Confucian 
1879,曹,cadet,"cadet, friend "
1880,遭,encounter,"encounter, meet, party, association, interview, join "
1881,槽,vat,"vat, tub, tank "
757,斗,Big Dipper,"Big Dipper, 10 sho (vol), sake dipper "
1612,庸,comfortable,"commonplace, ordinary, employment "
1739,庶,commoner,"commoner, all, bastard "
1740,遮,intercept,"intercept, interrupt, obstruct "
2222,奔,bustle,"bustle, run "
770,暁,daybreak,"daybreak, dawn, in the event "
743,伴,consort,"consort, accompany, bring with, companion "
1404,畔,paddy ridge,"paddy ridge, levee "
458,巻,scroll,"scroll, volume, book, part, roll up, wind up, tie, coil, counter for texts (or book scrolls) "
459,圏,sphere,"sphere, circle, radius, range "
2237,謄,facsimilie,"mimeograph, copy "
1579,矯,rectify,"rectify, straighten, correct, reform, cure, control, pretend, falsify "
164,矛,halberd,"halberd, arms, festival float "
1906,霧,fog,"fog, mist "
1853,班,squad,"squad, corps, unit, group "
1186,弔,condolences,"condolences, mourning, funeral "
629,老,old man,"old man, old age, grow old "
630,孝,filial piety,"filial piety, child's respect "
1956,拷,torture,"torture, beat "
1188,煮,boil,"boil, cook "
1445,署,signature,"signature, govt office, police station "
1447,賭,gamble,"gamble, wager, bet "
1932,峡,gorge,"gorge, ravine "
1934,挟,sandwiched,"pinch, between "
747,帥,commander,"commander, leading troops, governor "
1840,棺,coffin,"coffin, casket "
1907,露,dew,"dew, tears, expose, Russia "
1831,跳,hop,"hop, leap up, spring, jerk, prance, buck, splash, sputter, snap "
1586,践,tread,"tread, step on, trample, practice, carry through "
1326,踏,step,"step, trample, carry through, appraise, evade payment "
1486,禍,calamity,"calamity, misfortune, evil, curse "
376,阪,Heights,"heights, slope "
1373,陳,line up,"exhibit, state, relate, explain "
1431,陛,highness,"highness, steps (of throne) "
2212,堕,degenerate,"degenerate, descend to, lapse into "
1566,窃,stealth,"stealth, steal, secret, private, hushed "
1415,搾,squeeze,squeeze 
1897,窯,kiln,"kiln, oven, furnace "
1711,窮,hard up,"hard up, destitute, suffer, perplexed, cornered "
906,丘,hill,"hill, knoll "
908,岳,Point,"point, peak, mountain "
1214,繕,darning,"darning, repair, mend, trim, tidy up, adjust "
1414,絞,strangle,"strangle, constrict, wring "
1044,紅,crimson,"crimson, deep red "
2072,網,netting,"netting, network "
1791,紫,purple,"purple, violet "
984,縛,truss,"truss, arrest, bind, tie, restrain "
2073,縄,straw rope,"straw rope, cord "
2146,幽,faint,"seclude, confine to a room "
2180,滋,nourishing,"nourishing, more & more, be luxuriant, planting, turbidity "
2179,慈,mercy,mercy 
733,却,instead,"instead, on the contrary, rather "
861,卸,wholesale,wholesale 
901,零,zero,"zero, spill, overflow, nothing, cipher "
2005,勇,courage,"courage, cheer up, be in high spirits, bravery, heroism "
1325,踊,jump,"jump, dance, leap, skip "
725,厄,unlucky,"unlucky, misfortune, bad luck, disaster "
1140,柳,willow,willow 
2131,酌,bartending,"bar-tending, serving sake, the host, draw (water), ladle, scoop, pump "
2127,酵,fermentation,fermentation 
1628,酷,cruel,"cruel, severe, atrocious, unjust "
1627,酬,repay,"repay, reward, retribution "
2126,酪,dairy products,"dairy products, whey, broth, fruit juice "
2129,酢,vinegar,"vinegar, sour, acid, tart "
801,猶,waver,"furthermore, still, yet "
802,尊,revered,"revered, valuable, precious, noble, exalted "
2016,鼓,drum,"drum, beat, rouse, muster "
2017,樹,timber-trees,"timber trees, wood "
1302,盆,basin,"basin, lantern festival, tray "
2030,濫,overflow,"excessive, overflow, spread out "
767,猛,fierce,"fierce, rave, rush, become furious, wildness, strength "
1672,爵,baron,"baron, peerage, court rank "
1476,朗,melodious,"melodious, clear, bright, serene, cheerful "
524,刈,reap,"reap, cut, clip, trim, prune "
296,凶,villain,"villain, evil, bad luck, disaster "
1463,宰,superintend,"superintend, manager, rule "
1753,薪,firewood,"fuel, firewood, kindling "
1473,執,tenacious,"tenacious, take hold, grasp, take to heart "
1621,糾,twist,"twist, ask, investigate, verify "
1438,陵,mausoleum,"mausoleum, imperial tomb "
2160,劾,censure,"censure, criminal investigation "
1664,醸,brew,"brew, cause "
1665,壌,lot,"lot, earth, soil "
1663,嬢,lass,"lass, girl, Miss, daughter "
834,漬,pickling,"pickling, soak, moisten, steep "
1355,俵,bag,"bag, bale, sack, counter for bags "
1841,轄,control,"control, wedge "
1376,隆,hump,"hump, high, noble, prosperity "
1378,峰,summit,"summit, peak "
1380,縫,sew,"sew, stitch, embroider "
2105,泰,peaceful,"peaceful, calm, peace, easy, Thailand "
2104,奏,play music,"play music, speak to a ruler, complete "
2103,奉,dedicate,"observance, offer, present, dedicate "
2106,俸,stipend,"stipend, salary "
1733,謹,discreet,"discreet, reverently, humbly "
1012,華,splendor,"splendor, flower, petal, shine, luster, ostentatious, showy, gay, gorgeous "
1011,錘,spindle,"weight, plumb bob, sinker "
1770,吟,versify,"versify, singing, recital "
1772,琴,harp,"harp, koto "
785,遷,transition,"transition, move, change "
1157,献,offering,"offering, counter for drinks, present, offer "
1490,欄,column,"column, handrail, blank, space "
696,倉,godown,"godown, warehouse, storehouse, cellar, treasury "
697,創,genesis,"genesis, wound, injury, hurt, start, originate "
1855,輩,comrade,"comrade, fellow, people, companions "
1673,侯,marquis,"marquis, lord, daimyo "
408,干,dry,"dry, parch "
410,汗,sweat,"sweat, perspire "
691,軒,flats,"flats, counter for houses, eaves "
1543,芋,potato,potato 
998,叙,confer,"confer, relate, narrate, describe "
1108,勅,imperial order,imperial order 
1142,疎,alienate,"alienate, rough, neglect, shun, sparse "
1033,剣,saber,"sabre, sword, blade, clock hand "
1778,勲,meritorious deed,"meritorious deed, merit "
1779,薫,fragrant,"send forth fragrance, fragrant, be scented, smoke (tobacco) "
1941,痴,stupid,"stupid, foolish "
1944,痘,pox,"pox, smallpox "
1940,疾,rapidly,rapidly 
1943,痢,diarrhea,diarrhea 
1942,疫,epidemic,epidemic 
1468,癖,mannerism,"mannerism, habit, vice, trait, fault, kink "
1803,匿,hide,"hide, shelter, shield "
1802,匠,artisan,"artisan, workman, carpenter "
1386,枢,hinge,"hinge, pivot, door "
1279,彫,carve,"carve, engrave, chisel "
991,杉,cedar,"cedar, cryptomeria "
990,彩,coloring,"coloring, paint, makeup "
1460,彰,patent,"patent, clear "
1416,紋,family crest,"family crest, figures "
2295,蚊,mosquito,mosquito 
1258,斉,adjusted,"adjusted, alike, equal, similar variety of "
1261,剤,dose,"dose, medicine, drug "
1259,斎,purification,"purification, Buddhist food, room, worship, avoid, alike "
1613,粛,solemn,"solemn, quietly, softly "
885,塁,bases,"bases, fort, rampart, walls, base(ball) "
1235,摂,vicarious,"vicarious, surrogate, act in addition to "
328,央,center,"center, middle "
1320,赦,pardon,"pardon, forgiveness "
776,蛮,barbarian,barbarian 
1043,紺,navy blue,"dark blue, navy "
1796,棋,chess piece,"chess piece, Japanese chess, shogi "
1797,碁,Go,Go 
1798,甚,tremendously,"tremendously, very, great, exceedingly "
1799,勘,intuition,"intuition, perception "
1800,堪,withstand,"withstand, endure, support, resist "
961,舞,dance,"dance, flit, circle, wheel "
1516,粗,coarse,"coarse, rough, rugged "
1515,租,tariff,"tariff, crop tax, borrowing "
641,祖,ancestor,"ancestor, pioneer, founder "
1517,阻,thwart,"thwart, separate from, prevent, obstruct, deter, impede "
1520,畳,tatami mat,"tatami mat, counter for tatami mats, fold, shut up, do away with "
1086,譜,musical score,"musical score, music, note, staff, table, genealogy "
1921,顕,appear,"appear, existing "
2110,霊,spirits,"spirits, soul "
1345,恭,respect,"respect, reverent "
545,亜,Asia,"Asia, rank next, come after, -ous "
1599,浦,bay,"bay, creek, inlet, gulf, beach, seacoast "
1601,舗,shop,"shop, store "
481,邸,residence,"residence, mansion "
1422,郭,enclosure,"enclosure, quarters, fortification, red-light district "
1412,郊,outskirts,"outskirts, suburbs, rural area "
1411,邦,home country,"home country, country, Japan "
1295,郷,hometown,"home town, village, native place, district "
286,郎,son,"son, counter for sons "
287,廊,corridor,"corridor, hall, tower "
1551,盾,shield,"shield, escutcheon, pretext "
1552,循,sequential,"sequential, fellow "
1405,衆,masses,"masses, great numbers, multitude, populace "
1555,逓,parcel post,"relay, in turn, sending "
2193,后,empress,"empress, queen, after, behind, back, later "
825,嗣,heir,"heir, succeed "
673,盤,tray,"tray, shallow bowl, platter, tub, board, phonograph record "
2298,繭,cocoon,cocoon 
1507,敷,spread,"spread, pave, sit, promulgate "
127,汽,vapor,"vapor, steam "
1862,衷,inmost,"inmost, heart, mind, inside "
593,靴,shoes,shoes 
1478,呉,give,"give, do something for "
1479,娯,recreation,"recreation, pleasure "
960,蒸,steam,"steam, heat, sultry, foment, get musty "
1819,邪,wicked,"wicked, injustice, wrong "
1511,藩,clan,"clan, enclosure "
2019,脹,dilate,"dilate, distend, bulge, fill out, swell "
1863,喪,miss,"miss, mourning "
601,巣,nest,"nest, rookery, hive, cobweb, den "
1076,禅,Zen,"Zen, silent meditation "
763,獣,animal,"animal, beast "
1246,誉,reputation,"reputation, praise, honor, glory "
764,猟,game hunting,"game-hunting, shooting, game, bag "
1873,嘱,entrust,"entrust, request, send a message "
1777,塑,model,"model, molding "
2071,綱,hawser,"hawser, class (genus), rope, cord, cable "
2070,剛,sturdy,"sturdy, strength "
1368,缶,tin can,"tin can, container "
1372,陶,pottery,"pottery, porcelain "
2207,懇,sociable,"sociable, kind, courteous, hospitable, cordial "
2206,墾,groundbreaking,"ground-breaking, open up farmland "
1331,騎,equestrian,"equestrian, riding on horses, counter for equestrians "
1388,駆,drive,"drive, run, gallop, advance, inspire, impel "
2275,駄,burdensome,"burdensome, pack horse, horse load, send by horse "
2277,篤,fervent,"fervent, kind, cordial, serious, deliberate "
2236,騰,inflation,"inflation, advancing, going "
2004,虜,captive,"captive, barbarian, low epithet for the enemy "
2003,虚,void,"void, emptiness, unpreparedness, crack, fissure, untruth "
2007,戯,frolic,"frolic, play, sport "
2001,虞,uneasiness,"uneasiness, fear, anxiety, concern "
1999,慮,prudence,"prudence, thought, concern, consider, deliberate, fear "
2000,虐,tyrannize,"tyrannize, oppress "
2260,慶,jubilation,"jubilation, congratulate, rejoice, be happy "
2258,麗,lovely,"lovely, companion "
1151,嚇,upbraid,"menacing, dignity, majesty, threaten "
1252,朕,majestic plural,"majestic plural, imperial we "
1905,雰,atmosphere,"atmosphere, fog "
803,遵,abide by,"abide by, follow, obey, learn "
895,罷,quit,"quit, stop, leave, withdraw, go "
1100,屯,barracks,"barracks, police station, camp "
263,且,moreover,"moreover, also, furthermore "
1812,藻,seaweed,"seaweed, duckweed "
2050,隷,slave,"slave, servant, prisoner, criminal, follower "
948,癒,healing,"healing, cure, quench (thirst), wreak "
667,丹,cinnabar,"rust-colored, red, read lead, pills "
2265,潟,lagoon,lagoon 
2288,璽,imperial seal,emperor's seal 
2011,噂,gossip,"rumor, gossip, hearsay "
2010,嘘,fib,"lie, falsehood "
1768,叱,scold,"scold, reprove "
647,呆,dumbfounded,"be amazed, disgusted, shocked "
1652,崖,bluffs,"cliff, bluff, precipice "
2247,挨,shove,push open 
1027,拭,wipe,"wipe, mop, swab "
2248,拶,imminent,be imminent 
1178,潰,defile,"crush, smash, break, dissipate "
1518,狙,aim at,"aim at, sight, shadow, stalk "
2279,蔑,revile,"ignore, despise, neglect, ridicule "
2033,腎,kidney,kidney 
656,枕,pillow,pillow 
1420,諦,give up,"abandon, give up "
905,賑,bustling,"flourish, be bustling, prosperity "
1324,蹴,kick,kick 
1916,頃,about that time,"time, about, toward "
1699,挫,sprain,"crush, break, sprain, discourage "
2042,戚,relatives,grieve 
1248,拳,fist,fist 
1467,璧,(none),"sphere, ball "
